Customer_ID,Age,Gender,City,Income,Customer_Since,Spending_Score
CUST1000,68,Unknown,new york,"$93,792",2022-02-16,79
CUST1001,43,MALE,Los Angeles,"$138,681",23/09/2022,74
CUST1002,73,MALE,Huston,"$30,858",30/07/2022,32
CUST1003,25,FEMALE,new york,"$138,103",2022-05-02,36
CUST1004,72,FeMale,Unknown,"$103,229",2022-08-30,83
CUST1005,83,female,new york,N/A,"Dec 22, 2022",35
CUST1006,33,FEMALE,los angeles,"$24,485",2022-12-07,7
CUST1007,38,FeMale,los angeles,"$66,049",2022-04-13,78
CUST1008,80,Other,New York,"$92,377",20/02/2022,57
CUST1009,81,female,new york,"$76,191",03/05/2023,93
CUST1010,64,female,new york,"$104,191","Sep 20, 2023",96
CUST1011,82,FEMALE,Houston,"$82,632",2023-08-10,44
CUST1012,16,female,los angeles,"$102,535",28/02/2023,68
CUST1013,29,MALE,Houston,"$55,511",19/07/2022,30
CUST1014,79,Male,Huston,"$117,964","Aug 25, 2023",60
CUST1015,41,MALE,Houston,"$31,022",07/03/2023,79
CUST1016,65,FEMALE,new york,"$114,649",02/03/2022,37
CUST1017,88,Male,New York,"$128,272",17/02/2022,20
CUST1018,43,FEMALE,New York,"$48,272","Jul 28, 2023",27
CUST1019,27,female,New York,"$127,894","Apr 05, 2022",22
CUST1020,31,Other,new york,"$135,756",01/09/2022,28
CUST1021,84,FeMale,Unknown,"$83,257",2023-01-15,95
CUST1022,31,Unknown,Huston,"$40,235","Oct 31, 2023",75
CUST1023,73,Unknown,Los Angeles,"$31,871","Oct 29, 2022",9
CUST1024,36,FeMale,Houston,"$23,804",26/03/2022,33
CUST1025,22,Other,Huston,"$113,560",13/08/2022,76
CUST1026,62,FEMALE,New York,"$113,274","May 06, 2023",81
CUST1027,31,Unknown,Houston,"$83,046",09/05/2022,48
CUST1028,60,FeMale,New York,"$72,020",13/04/2023,43
CUST1029,61,FeMale,Los Angeles,N/A,2023-11-30,19
CUST1030,73,Unknown,Los Angeles,"$141,486",21/11/2023,47
CUST1031,38,female,Huston,"$136,442","Sep 18, 2022",46
CUST1032,24,Male,new york,"$143,430","May 25, 2022",20
CUST1033,83,Male,Unknown,N/A,"May 22, 2023",21
CUST1034,42,MALE,New York,"$108,418","Feb 09, 2023",6
CUST1035,81,MALE,los angeles,N/A,"Jan 22, 2022",59
CUST1036,19,FEMALE,Huston,"$106,822",22/05/2022,41
CUST1037,-5,female,Unknown,"$146,662","Aug 08, 2023",11
CUST1038,56,Unknown,Los Angeles,N/A,"May 11, 2023",54
CUST1039,65,Other,Houston,"$144,737",2022-02-19,72
CUST1040,82,Male,los angeles,"$106,673",2022-09-24,16
CUST1041,58,Other,Unknown,"$149,924","Jul 04, 2023",4
CUST1042,20,female,Houston,"$144,816",2023-05-26,78
CUST1043,31,Other,New York,"$36,845",2022-06-07,30
CUST1044,58,MALE,New York,"$117,722",2022-07-26,44
CUST1045,33,FeMale,Huston,"$22,837",2022-10-16,76
CUST1046,39,Unknown,Unknown,"$67,309","Oct 21, 2022",44
CUST1047,51,FEMALE,Houston,"$22,138",29/05/2023,95
CUST1048,36,MALE,Huston,"$66,390",2023-01-08,35
CUST1049,17,Male,Unknown,"$47,536",08/10/2022,72
CUST1050,17,MALE,new york,"$78,178",21/06/2022,96
CUST1051,77,Unknown,new york,"$124,462",2023-06-18,12
CUST1052,23,female,los angeles,"$22,544","Feb 25, 2023",67
CUST1053,43,FeMale,Houston,"$80,753",2023-09-06,37
CUST1054,17,FeMale,Los Angeles,N/A,2023-01-20,11
CUST1055,37,female,new york,"$34,929","Sep 18, 2022",22
CUST1056,74,Male,Huston,"$147,230","Jun 29, 2023",12
CUST1057,33,Other,Houston,"$106,316",2022-07-08,34
CUST1058,60,FEMALE,Huston,"$22,030",2022-10-15,68
CUST1059,82,female,los angeles,"$138,821",05/03/2022,80
CUST1060,59,MALE,Houston,"$109,940",11/01/2023,49
CUST1061,66,Male,los angeles,"$118,819","Apr 20, 2022",88
CUST1062,40,FeMale,Huston,"$33,699",17/11/2023,2
CUST1063,80,female,los angeles,"$41,296","May 29, 2023",46
CUST1064,57,Male,New York,"$88,878",2023-03-23,76
CUST1065,57,Male,Houston,"$27,748","May 15, 2022",69
CUST1066,25,Unknown,Huston,"$107,162","Dec 16, 2023",60
CUST1067,65,female,new york,"$144,273","Oct 15, 2023",59
CUST1068,19,Other,Unknown,"$50,132",2022-01-03,12
CUST1069,65,Unknown,Huston,"$97,919","Sep 12, 2022",13
CUST1070,40,Other,New York,"$40,325",01/11/2022,90
CUST1071,39,Male,Houston,"$56,318",2022-02-19,68
CUST1072,54,Male,New York,N/A,"Nov 15, 2023",16
CUST1073,69,FEMALE,los angeles,"$59,123",30/12/2023,82
CUST1074,84,Male,los angeles,"$81,793",2023-11-10,85
CUST1075,40,FeMale,New York,"$125,848",2022-02-02,68
CUST1076,74,female,new york,"$124,692",07/02/2023,66
CUST1077,42,female,New York,"$99,360",16/03/2023,69
CUST1078,63,Male,Los Angeles,"$63,273","Dec 06, 2023",11
CUST1079,59,FeMale,Los Angeles,"$24,023",20/12/2023,33
CUST1080,34,Unknown,los angeles,"$135,313",2023-06-28,22
CUST1081,36,Male,Houston,"$143,322",2023-05-02,
CUST1082,62,Unknown,Houston,N/A,02/04/2023,47
CUST1083,24,Unknown,Los Angeles,"$100,157",2022-09-17,47
CUST1084,74,female,Los Angeles,"$98,511","Jan 23, 2022",78
CUST1085,58,Unknown,Houston,"$147,111",2022-02-02,2
CUST1086,89,FeMale,New York,N/A,17/05/2023,62
CUST1087,33,FeMale,Huston,"$52,966",2023-06-05,5
CUST1088,18,FeMale,New York,"$118,258",2023-01-05,82
CUST1089,70,MALE,Los Angeles,"$120,211","Nov 08, 2022",84
CUST1090,88,female,new york,"$73,144",2022-10-03,70
CUST1091,50,female,new york,"$143,048",2022-07-02,66
CUST1092,40,female,los angeles,"$141,396",07/07/2022,47
CUST1093,-5,Unknown,New York,"$130,550",14/07/2023,83
CUST1094,21,MALE,Los Angeles,"$72,462","Jul 22, 2023",91
CUST1095,26,Male,Los Angeles,"$147,788",28/02/2023,92
CUST1096,61,MALE,New York,"$90,353",13/10/2023,98
CUST1097,59,Unknown,los angeles,"$146,181",30/07/2023,71
CUST1098,79,Other,Houston,"$103,987","Jan 29, 2023",93
CUST1099,79,MALE,Los Angeles,N/A,23/01/2023,84
CUST1100,19,Unknown,Los Angeles,"$110,332","Oct 25, 2022",92
CUST1101,54,female,Unknown,"$29,170",2023-12-16,65
CUST1102,31,FEMALE,Los Angeles,"$71,556","Jun 09, 2023",92
CUST1103,17,FEMALE,New York,"$94,870",2023-11-17,72
CUST1104,89,Unknown,new york,"$45,428",2023-12-05,81
CUST1105,20,MALE,Unknown,"$144,369",2023-09-05,20
CUST1106,89,Other,Los Angeles,"$88,184","Aug 25, 2022",16
CUST1107,19,Other,New York,"$90,562",26/11/2023,46
CUST1108,21,Other,Los Angeles,"$71,770",2023-05-07,92
CUST1109,58,Male,Houston,"$34,451",31/08/2022,56
CUST1110,78,Other,New York,"$49,181","Dec 22, 2023",43
CUST1111,-5,Unknown,Houston,"$51,495","Nov 23, 2023",81
CUST1112,89,FEMALE,Los Angeles,"$73,038",2022-12-27,80
CUST1113,63,Other,Houston,"$74,213",23/12/2022,5
CUST1114,20,Unknown,Houston,"$112,511",2022-04-04,88
CUST1115,39,female,New York,"$143,104",08/06/2023,69
CUST1116,26,FEMALE,Huston,"$131,455",14/05/2023,48
CUST1117,57,FeMale,Unknown,"$118,350",05/04/2022,1
CUST1118,81,female,Houston,"$66,013",2023-07-15,5
CUST1119,71,Other,los angeles,"$71,449","Jul 16, 2022",30
CUST1120,53,female,New York,"$112,639",30/03/2022,33
CUST1121,30,MALE,los angeles,"$113,804",2023-12-23,12
CUST1122,43,Other,new york,"$37,766",13/03/2023,96
CUST1123,55,FeMale,Houston,"$141,950",2023-10-14,57
CUST1124,79,Male,Houston,"$127,625",30/08/2023,61
CUST1125,19,MALE,new york,"$84,206",2023-08-11,84
CUST1126,34,Other,los angeles,"$68,065",10/06/2022,1
CUST1127,79,Unknown,Houston,"$108,434","Oct 22, 2022",74
CUST1128,28,Other,Unknown,"$128,074",2022-05-21,2
CUST1129,20,Other,los angeles,"$68,302","Jun 26, 2022",48
CUST1130,60,MALE,new york,"$46,601",04/12/2023,39
CUST1131,67,Unknown,Los Angeles,"$81,946",22/01/2023,97
CUST1132,85,Other,Unknown,"$114,827",14/05/2022,54
CUST1133,18,MALE,los angeles,"$122,067",2023-07-31,13
CUST1134,56,MALE,Houston,"$60,704","Mar 15, 2023",59
CUST1135,77,FeMale,Houston,"$119,574",2023-04-27,68
CUST1136,46,FEMALE,New York,"$118,990",2022-01-13,7
CUST1137,43,female,Los Angeles,"$96,777","Feb 18, 2023",10
CUST1138,36,Unknown,Huston,"$114,786",17/04/2023,33
CUST1139,77,MALE,Unknown,"$108,803",2022-08-18,25
CUST1140,60,Unknown,Unknown,"$115,260","Nov 02, 2023",75
CUST1141,22,Unknown,Unknown,"$140,233",2022-07-23,46
CUST1142,150,Unknown,Unknown,"$37,683",2022-11-10,22
CUST1143,54,MALE,new york,"$100,527","Apr 02, 2022",48
CUST1144,46,female,new york,"$120,704","May 11, 2023",87
CUST1145,68,Other,New York,N/A,"Jun 22, 2022",93
CUST1146,60,Other,Los Angeles,"$78,977",2023-12-22,60
CUST1147,29,Other,Houston,"$108,717",2022-05-04,61
CUST1148,27,Unknown,los angeles,"$55,483",31/07/2022,30
CUST1149,37,Other,New York,N/A,2022-11-01,39
CUST1150,65,Other,Unknown,"$93,235","Aug 26, 2022",55
CUST2225,64,FEMALE,Unknown,"$58,031",2022-04-05,88
CUST1152,66,MALE,los angeles,"$117,724",09/08/2023,98
CUST1153,32,FEMALE,los angeles,"$57,666",04/03/2022,62
CUST1154,47,FeMale,Houston,"$119,447",15/08/2023,77
CUST1155,73,Other,Houston,"$116,801","Aug 23, 2023",14
CUST1156,17,Male,Unknown,"$71,652",30/11/2022,52
CUST1157,25,female,los angeles,"$32,463","Apr 07, 2023",40
CUST1158,55,Other,Huston,"$67,716",2023-04-08,89
CUST1159,39,female,Los Angeles,"$80,607","May 12, 2022",9
CUST1160,48,Male,Los Angeles,"$64,012","Oct 17, 2023",61
CUST1161,30,Unknown,los angeles,"$39,614","Jun 04, 2022",63
CUST1162,87,Unknown,Unknown,"$78,845",07/09/2022,93
CUST1163,42,MALE,New York,N/A,2023-10-13,82
CUST1164,49,Unknown,New York,"$105,675",06/03/2022,41
CUST1165,86,Other,New York,"$66,466","Dec 18, 2023",37
CUST1166,20,Unknown,New York,N/A,30/05/2022,90
CUST1167,50,MALE,los angeles,"$101,318","May 10, 2023",53
CUST1168,78,MALE,Unknown,"$109,243",05/11/2022,87
CUST1169,64,Unknown,new york,"$34,570",21/09/2022,15
CUST1170,16,Male,Houston,"$38,650","Sep 14, 2023",61
CUST1171,74,Other,Los Angeles,"$147,487",2022-04-05,5
CUST1172,31,MALE,Los Angeles,N/A,2022-04-30,76
CUST1173,42,Male,Los Angeles,"$61,479",01/01/2023,45
CUST1174,49,Male,los angeles,"$90,906","Jan 26, 2023",65
CUST1175,60,FeMale,new york,"$140,197",2022-05-09,45
CUST1176,79,Unknown,los angeles,N/A,"Sep 30, 2023",8
CUST1177,59,MALE,Houston,"$131,463",14/09/2022,7
CUST1178,89,female,new york,"$62,427","Nov 02, 2023",96
CUST1179,52,Male,Unknown,"$126,025",23/04/2022,52
CUST1180,38,Unknown,Unknown,"$87,263",2023-01-05,77
CUST1181,51,MALE,Houston,"$137,928",17/04/2022,64
CUST1182,34,FEMALE,los angeles,N/A,01/01/2023,1
CUST1183,53,Other,Houston,"$114,709",15/07/2023,29
CUST1184,33,FeMale,Huston,"$131,143",30/04/2023,99
CUST1185,79,Other,New York,"$22,159",14/10/2022,54
CUST1186,39,Unknown,Unknown,"$133,082",2022-07-31,95
CUST1187,74,MALE,Huston,"$59,206",2022-05-14,44
CUST1188,35,Unknown,Houston,"$40,538","Dec 29, 2023",24
CUST1189,84,MALE,New York,"$67,333",13/12/2022,39
CUST1190,43,Unknown,Unknown,"$107,848",31/05/2023,32
CUST1191,79,FEMALE,new york,"$77,949",2023-11-28,86
CUST1192,21,female,Los Angeles,"$108,956",15/03/2023,76
CUST1193,34,FEMALE,new york,"$36,301","Jun 30, 2022",44
CUST1194,26,Male,new york,"$49,198",24/01/2023,58
CUST1195,74,female,Houston,"$71,853","Jan 18, 2022",100
CUST1196,29,female,los angeles,"$102,702","Nov 21, 2023",6
CUST1197,54,Unknown,los angeles,"$69,176",07/08/2023,46
CUST1198,29,MALE,Huston,"$149,566",2022-12-05,8
CUST1199,45,Unknown,los angeles,"$147,706",2022-12-12,55
CUST1200,18,FeMale,new york,N/A,2022-01-14,13
CUST1201,47,Male,Huston,N/A,21/03/2022,10
CUST1202,59,MALE,los angeles,"$41,292","Dec 05, 2022",90
CUST1203,35,FeMale,Los Angeles,"$71,911",2022-01-20,11
CUST1204,26,FEMALE,New York,"$124,463","Jun 21, 2023",40
CUST1205,78,female,Huston,"$71,092",2023-05-13,38
CUST1206,66,MALE,new york,N/A,2022-10-26,63
CUST1207,33,FeMale,Huston,"$55,442",23/07/2023,86
CUST1208,58,Male,New York,"$103,442",30/03/2023,11
CUST1209,69,Other,Los Angeles,"$26,073",02/11/2023,42
CUST1210,69,MALE,new york,"$36,850",22/08/2023,72
CUST1211,89,MALE,los angeles,"$71,533",2023-11-14,4
CUST1212,43,FEMALE,los angeles,"$103,228","Jul 30, 2023",64
CUST1213,50,Male,new york,N/A,04/08/2022,17
CUST1214,55,Male,los angeles,"$125,211",2022-03-24,36
CUST1215,74,female,Unknown,"$54,965",2023-04-05,43
CUST1216,150,FeMale,los angeles,"$139,665","Sep 08, 2022",40
CUST1217,36,FEMALE,Huston,"$42,977",26/01/2022,32
CUST1218,75,Male,Huston,"$60,963",01/12/2023,82
CUST1219,73,Unknown,Huston,"$20,184",2023-06-28,74
CUST1220,34,MALE,new york,"$25,508","Oct 10, 2023",82
CUST1221,31,FeMale,Unknown,"$131,518",29/04/2022,42
CUST1222,26,MALE,New York,"$49,871","Feb 10, 2023",23
CUST1223,44,Unknown,new york,N/A,2022-09-24,13
CUST1224,67,FEMALE,Los Angeles,"$74,341",23/04/2022,20
CUST1225,69,Male,los angeles,"$91,788",02/02/2022,56
CUST1226,72,Male,Houston,"$39,458",2023-01-09,29
CUST1227,36,FeMale,Huston,"$96,610",2023-03-21,81
CUST1228,75,FEMALE,Huston,"$78,131",2023-02-21,51
CUST1229,25,FEMALE,Huston,"$47,183",2023-12-08,42
CUST1230,78,FeMale,Houston,"$120,764",12/05/2022,46
CUST1231,72,MALE,Huston,"$78,683","Feb 11, 2023",3
CUST1232,80,MALE,new york,"$119,367","Feb 22, 2023",12
CUST1233,30,FEMALE,los angeles,"$64,583",2022-05-20,31
CUST1234,79,FeMale,new york,"$35,273",2022-05-29,35
CUST1235,43,FeMale,Unknown,"$22,828","Jun 02, 2023",13
CUST1236,71,Male,Houston,"$65,810","Mar 20, 2022",61
CUST1237,77,Male,Unknown,"$72,004",02/06/2023,5
CUST1238,66,FEMALE,Unknown,"$140,690",2022-02-21,49
CUST1239,28,female,Houston,"$142,956",19/09/2022,
CUST1240,33,FeMale,los angeles,"$68,697","Jul 13, 2022",8
CUST1241,51,Unknown,Unknown,"$101,842","Oct 15, 2022",7
CUST1242,16,Male,Houston,"$75,097",03/06/2022,39
CUST1243,30,Unknown,new york,"$26,721","Mar 28, 2023",56
CUST1244,24,Other,New York,"$120,348",06/04/2023,12
CUST1245,85,MALE,new york,"$122,300",05/06/2022,52
CUST1246,69,MALE,New York,"$144,795",2022-08-06,46
CUST1247,37,FEMALE,Los Angeles,"$42,128",2022-04-03,80
CUST1248,78,female,New York,"$114,369",2022-07-22,54
CUST1249,73,Male,new york,"$105,601",2022-02-25,69
CUST1250,23,Other,Huston,"$79,885",2022-01-30,34
CUST1251,29,Other,los angeles,"$123,157",30/04/2023,79
CUST1252,73,Male,Houston,"$83,776",2022-02-28,12
CUST1253,46,FeMale,Los Angeles,"$87,587",2023-05-19,19
CUST1254,89,Other,Unknown,"$101,187",05/03/2023,57
CUST1255,84,MALE,new york,"$65,000",29/01/2022,3
CUST1256,57,MALE,new york,"$146,721",17/06/2022,26
CUST1068,56,female,Huston,"$58,254","Oct 13, 2022",96
CUST1258,35,FEMALE,new york,N/A,"Dec 24, 2022",
CUST1259,37,Male,Houston,N/A,"Feb 18, 2022",46
CUST1260,79,female,Los Angeles,"$127,013","Feb 27, 2023",71
CUST1261,72,FeMale,Los Angeles,"$61,781",2023-06-30,72
CUST1262,67,female,New York,"$87,326","May 26, 2023",56
CUST1263,150,FeMale,New York,"$98,684",22/10/2023,36
CUST1264,29,Other,los angeles,"$117,607","May 20, 2022",22
CUST1265,79,Other,Huston,"$91,843","Aug 24, 2022",95
CUST1266,64,female,Unknown,"$118,731","Jul 08, 2022",5
CUST1267,61,female,Unknown,"$71,474","Oct 16, 2023",47
CUST1268,89,FEMALE,Los Angeles,"$123,137","Mar 18, 2022",7
CUST1269,24,Male,Houston,"$137,245",2022-09-02,73
CUST1270,89,FEMALE,new york,"$98,106","Jun 16, 2023",25
CUST1271,39,Unknown,los angeles,"$110,732",2022-08-23,27
CUST1272,68,FeMale,Los Angeles,"$117,216",2022-08-30,46
CUST1273,45,Other,los angeles,"$79,202",2023-01-01,72
CUST1274,34,Male,Los Angeles,"$127,674",26/09/2022,16
CUST1275,62,Male,Houston,"$65,330",2023-01-05,2
CUST1276,84,female,New York,"$28,651","May 07, 2022",10
CUST1277,84,Other,new york,"$116,527",21/07/2023,11
CUST1278,81,Other,los angeles,"$112,487","Feb 04, 2023",13
CUST1279,83,Other,los angeles,"$115,503","Sep 19, 2022",56
CUST1280,70,MALE,New York,N/A,"May 16, 2023",81
CUST1281,81,female,Los Angeles,"$148,453",16/08/2023,54
CUST1282,20,MALE,Los Angeles,"$124,274",2023-01-02,94
CUST1283,38,FeMale,Huston,N/A,2023-11-10,85
CUST1284,27,FEMALE,new york,"$82,096",2023-04-12,2
CUST1285,84,female,los angeles,"$34,129",2023-12-24,44
CUST1286,51,Other,new york,"$42,970",2023-04-12,100
CUST1287,46,Unknown,Huston,"$130,377",2023-06-22,15
CUST1288,55,Other,Houston,"$82,852",2022-12-20,94
CUST1289,51,FeMale,New York,"$119,323",27/06/2023,78
CUST1290,25,Male,Los Angeles,"$107,262","Dec 27, 2022",85
CUST1291,-5,Male,New York,"$54,962",2022-01-08,
CUST1292,26,Male,Unknown,"$65,402","Jan 10, 2023",49
CUST1293,47,FEMALE,Unknown,"$83,938",2023-04-07,84
CUST1294,16,Other,Unknown,N/A,27/01/2023,
CUST1295,56,FeMale,los angeles,"$88,447","Sep 18, 2022",16
CUST1296,66,Other,Houston,"$62,587",27/02/2022,64
CUST1297,50,female,Houston,"$117,894",26/10/2022,16
CUST1298,72,Unknown,new york,"$141,225",2023-03-16,83
CUST1299,24,Unknown,los angeles,"$61,453",2023-10-31,40
CUST1300,64,Unknown,Huston,"$137,192","Mar 05, 2023",68
CUST1301,26,MALE,new york,"$77,373",15/12/2023,5
CUST1302,73,FEMALE,Houston,"$102,739","May 17, 2023",1
CUST1303,61,FeMale,los angeles,"$116,545",29/08/2023,72
CUST1304,54,Other,new york,"$53,101","Nov 14, 2023",61
CUST1305,85,female,los angeles,"$144,090","Sep 07, 2023",78
CUST1306,16,female,Huston,"$75,659",2023-12-14,14
CUST1307,46,MALE,Huston,"$38,721","Oct 09, 2022",44
CUST1308,53,Other,new york,"$21,796","Aug 12, 2023",90
CUST1309,28,FeMale,Los Angeles,N/A,22/04/2023,61
CUST1310,71,Male,Houston,"$126,469",21/06/2022,94
CUST1311,30,Male,Houston,"$79,900","Feb 03, 2022",17
CUST1312,74,Other,Houston,"$118,436",2023-05-23,89
CUST1313,49,female,new york,"$64,500",01/10/2022,37
CUST1314,18,Male,los angeles,"$61,697",2023-12-23,33
CUST1315,37,Male,Huston,"$113,710",2022-01-07,42
CUST1316,24,Male,New York,"$30,980",2023-02-06,69
CUST1317,75,MALE,los angeles,"$52,924",25/01/2023,61
CUST1318,40,female,los angeles,"$121,878","Jun 25, 2023",1
CUST1319,38,Unknown,los angeles,"$66,633","Mar 28, 2023",19
CUST1320,71,Unknown,new york,"$89,344",15/05/2022,35
CUST1321,45,FeMale,Huston,"$95,931",24/03/2022,88
CUST1322,49,female,Houston,"$87,330","Nov 01, 2023",87
CUST1323,78,FEMALE,los angeles,"$101,913","Jul 27, 2022",69
CUST1324,83,FeMale,Unknown,"$104,712","Apr 26, 2022",49
CUST1325,63,female,new york,"$99,695",24/02/2023,88
CUST1326,50,FEMALE,New York,"$90,721",2022-10-22,64
CUST1327,60,MALE,New York,"$75,604","Feb 17, 2023",75
CUST1328,55,Male,Unknown,"$87,908","Oct 29, 2022",20
CUST1329,50,female,Houston,"$61,505",2022-08-20,60
CUST1330,17,Other,los angeles,"$113,286",07/06/2023,12
CUST1331,65,FeMale,New York,"$108,312",2022-07-11,26
CUST1332,58,MALE,new york,"$26,117","May 04, 2023",84
CUST1333,76,FeMale,los angeles,"$20,816","Dec 22, 2022",71
CUST1334,73,MALE,los angeles,"$85,799",2022-03-06,44
CUST1335,17,FEMALE,Los Angeles,"$120,699","Mar 05, 2022",87
CUST1336,58,MALE,Huston,"$64,411",06/10/2022,69
CUST1337,84,FEMALE,new york,"$66,880",2023-04-19,2
CUST1338,39,MALE,Huston,"$30,594",2022-02-13,16
CUST1339,-5,FEMALE,los angeles,"$106,066",07/08/2022,68
CUST1340,23,Unknown,new york,"$21,444",19/03/2022,92
CUST1341,45,female,Los Angeles,N/A,"Oct 19, 2023",36
CUST1342,20,FEMALE,Huston,"$27,902","Jun 01, 2022",14
CUST1343,34,Unknown,Los Angeles,"$106,941",15/08/2022,71
CUST1344,34,Male,los angeles,"$69,590","Dec 05, 2022",79
CUST1345,61,Unknown,new york,"$108,885",01/08/2022,81
CUST1346,57,Other,Huston,"$48,776","Jun 05, 2022",72
CUST1347,25,MALE,Unknown,N/A,2022-10-18,92
CUST1348,74,MALE,New York,"$24,123",14/02/2023,14
CUST1349,75,female,new york,N/A,"Jul 15, 2022",41
CUST1350,36,Male,Unknown,"$102,932",03/02/2022,83
CUST1351,45,Other,Los Angeles,"$103,773","Nov 17, 2022",18
CUST1352,76,Male,New York,"$37,620","Jan 14, 2022",84
CUST1353,21,Male,New York,"$57,622",16/08/2023,36
CUST1354,34,FeMale,Houston,"$138,963",21/10/2023,30
CUST1355,41,FEMALE,Houston,"$40,065",20/04/2023,46
CUST1356,32,MALE,new york,"$68,672",29/11/2023,61
CUST1357,150,Other,los angeles,"$52,993","Feb 17, 2023",7
CUST1358,47,FeMale,New York,"$62,866",2023-08-08,73
CUST1359,68,Male,Houston,"$106,975","Jun 04, 2022",30
CUST1360,49,Other,Los Angeles,"$139,729","Feb 24, 2023",15
CUST1361,85,Male,New York,"$121,887",30/08/2022,89
CUST1362,73,Unknown,new york,"$108,009","Jul 23, 2023",10
CUST1363,35,MALE,new york,"$79,839",2022-01-27,60
CUST1364,29,FEMALE,New York,"$32,217",20/09/2023,47
CUST1365,65,Other,Unknown,"$27,132",2023-10-20,81
CUST1366,83,Other,Los Angeles,N/A,"Mar 18, 2022",29
CUST1367,45,FeMale,los angeles,"$57,866",23/01/2022,53
CUST1368,-5,FEMALE,Huston,"$23,924",15/05/2022,46
CUST1369,50,female,Huston,"$82,291",2022-06-02,31
CUST1370,38,Male,los angeles,"$83,727","Jun 02, 2023",41
CUST1371,29,Male,Los Angeles,"$103,749",2023-08-19,5
CUST1372,33,FEMALE,Huston,"$49,820",30/08/2022,92
CUST1373,86,Other,Los Angeles,"$52,589",11/07/2023,18
CUST1374,86,FEMALE,Huston,"$83,022",2023-04-07,72
CUST1375,76,FeMale,Houston,"$125,029",2023-05-10,13
CUST1376,44,Other,los angeles,"$132,980","Nov 18, 2023",17
CUST1377,86,Male,new york,"$54,444",26/02/2023,35
CUST1378,27,Unknown,Los Angeles,"$135,128",14/02/2023,47
CUST1379,54,Unknown,Huston,"$56,973",2023-01-26,99
CUST1380,45,MALE,new york,"$73,404",02/11/2023,60
CUST1381,42,Male,los angeles,"$54,209",2023-10-19,52
CUST1382,40,female,Houston,"$25,586","Jun 26, 2023",69
CUST1383,65,FEMALE,new york,"$101,378",2023-02-06,84
CUST2033,67,FeMale,Houston,"$74,658",2023-08-24,41
CUST1385,63,Other,Los Angeles,"$114,056",22/08/2022,77
CUST1386,71,Male,los angeles,"$120,764",2023-01-02,91
CUST1387,76,Male,Huston,"$112,255",21/08/2022,48
CUST1388,70,FeMale,New York,"$140,561",07/08/2022,19
CUST1389,38,female,los angeles,"$126,225",11/07/2023,29
CUST1390,66,Male,Unknown,"$131,617",2022-09-02,55
CUST1391,78,MALE,Huston,N/A,04/11/2023,33
CUST1392,37,Male,new york,"$113,279","Sep 02, 2023",19
CUST1393,150,MALE,Unknown,"$109,208","May 01, 2022",65
CUST1394,78,FeMale,los angeles,"$83,512","Oct 17, 2022",59
CUST1395,54,Other,Huston,"$117,017",20/11/2023,89
CUST1396,42,Unknown,New York,"$108,276",2022-11-28,58
CUST1397,23,FeMale,Los Angeles,"$46,735","Aug 15, 2023",41
CUST1398,65,Other,New York,"$81,023",2022-03-19,31
CUST1399,81,FEMALE,Los Angeles,"$36,207",23/08/2023,81
CUST1400,79,FEMALE,New York,"$109,989","Aug 24, 2022",81
CUST1401,88,MALE,Unknown,"$109,456",2022-02-20,75
CUST1402,52,FeMale,New York,"$112,913",14/12/2023,19
CUST1403,67,FeMale,Los Angeles,"$136,790",20/04/2023,85
CUST1404,-5,female,new york,"$46,747","Sep 12, 2022",81
CUST1405,65,female,Houston,"$132,926",2022-04-25,82
CUST1406,44,Male,New York,N/A,"Jul 13, 2023",55
CUST1407,83,FEMALE,los angeles,"$95,599","Sep 03, 2023",73
CUST1408,33,female,Huston,"$40,114",2022-12-06,36
CUST1409,34,FeMale,New York,"$59,973",2022-08-10,67
CUST1410,48,FEMALE,los angeles,"$138,652",2023-04-01,19
CUST1411,75,Unknown,Los Angeles,N/A,"Sep 14, 2022",83
CUST1412,64,Male,New York,N/A,13/04/2022,82
CUST1413,79,Other,Huston,"$44,533",2022-07-03,84
CUST1414,54,female,Houston,"$145,509",06/11/2023,94
CUST1415,89,FEMALE,Huston,"$40,564",2022-08-01,29
CUST1416,50,FEMALE,Los Angeles,"$99,646","Mar 07, 2023",98
CUST1417,76,FeMale,Huston,"$140,151","Oct 08, 2023",22
CUST1418,69,Other,los angeles,"$103,769",2022-12-04,94
CUST1419,26,female,new york,"$116,932",06/10/2022,4
CUST1420,36,MALE,Unknown,"$30,051",2023-10-02,68
CUST1421,69,MALE,los angeles,"$148,071",2022-01-04,83
CUST1422,25,female,new york,N/A,2023-03-28,98
CUST1423,34,Male,Los Angeles,"$94,041",2022-12-13,53
CUST1424,29,FEMALE,los angeles,"$34,864",2022-10-04,33
CUST1425,41,female,los angeles,"$84,088",2022-12-15,58
CUST1426,29,Other,Houston,"$69,975","Aug 22, 2023",31
CUST1427,31,Male,new york,"$103,383",07/09/2023,15
CUST1428,16,female,los angeles,"$134,613",2022-08-23,4
CUST1429,76,Other,Huston,"$32,584","Nov 12, 2023",51
CUST1430,25,Male,Houston,N/A,09/02/2022,82
CUST1431,150,FEMALE,Huston,"$97,771",2022-07-10,89
CUST1432,25,FEMALE,New York,"$57,486",08/10/2022,10
CUST1433,47,Male,Unknown,"$96,552","Oct 16, 2023",27
CUST1434,36,Unknown,Los Angeles,"$64,824",2023-03-31,51
CUST1435,47,Male,Houston,"$114,115",2023-10-21,43
CUST1436,80,MALE,los angeles,"$48,023","Sep 07, 2023",86
CUST1437,42,FEMALE,Houston,"$88,951","May 27, 2022",71
CUST1438,46,female,New York,"$127,052",2023-04-02,3
CUST1439,45,FEMALE,Los Angeles,"$137,443",30/06/2022,28
CUST1440,80,FeMale,Unknown,"$128,030",2023-09-19,79
CUST1441,47,Male,Houston,"$78,914",05/07/2023,73
CUST1442,81,Other,Huston,"$95,532",18/09/2023,53
CUST1443,53,Unknown,Huston,N/A,"Sep 05, 2022",10
CUST1444,47,Other,New York,"$36,685","Oct 17, 2022",42
CUST1445,65,female,Huston,"$145,512",2023-07-21,36
CUST1446,34,FeMale,Unknown,"$49,233",02/01/2023,24
CUST1447,74,FEMALE,Unknown,N/A,2022-06-22,71
CUST1448,25,Male,Unknown,"$118,060",29/03/2022,91
CUST1449,27,Male,los angeles,"$53,426","Dec 10, 2023",50
CUST1450,19,female,Huston,"$65,438",2022-05-02,21
CUST1451,16,FEMALE,new york,"$23,260",2022-08-30,83
CUST1452,16,Unknown,Los Angeles,"$25,455","Aug 23, 2023",53
CUST1453,43,Male,Unknown,"$55,553","Mar 04, 2023",77
CUST1454,150,FEMALE,los angeles,"$32,660",2023-05-02,8
CUST1455,27,FEMALE,Unknown,"$137,311","Jun 15, 2022",71
CUST1456,67,MALE,los angeles,"$21,785",2022-09-03,46
CUST1457,42,Unknown,los angeles,"$38,578","Feb 24, 2023",88
CUST1263,24,FEMALE,Houston,"$77,864",2022-12-20,57
CUST1459,150,Male,Huston,"$134,455",04/08/2023,38
CUST1460,23,Other,Houston,"$34,693","Mar 24, 2022",46
CUST1461,86,Unknown,New York,"$56,403",01/08/2022,90
CUST1462,30,Other,New York,"$147,445",2023-08-14,93
CUST1463,45,FeMale,Unknown,"$104,957",2022-12-20,46
CUST1464,150,FEMALE,new york,"$104,831",2023-03-18,40
CUST1465,-5,Male,Unknown,"$46,329",06/05/2023,100
CUST1466,29,MALE,Huston,"$63,292",2023-11-10,91
CUST1467,51,female,Unknown,"$148,449","Aug 11, 2023",66
CUST1468,37,female,new york,"$101,572",2023-08-20,12
CUST1469,66,MALE,Los Angeles,"$45,788",10/03/2022,92
CUST1470,55,female,Houston,"$100,427","Sep 24, 2023",71
CUST1471,37,FEMALE,Houston,"$131,752",2022-07-03,98
CUST1472,47,Other,Huston,"$130,660",23/10/2022,54
CUST1473,19,FeMale,Huston,"$95,211",07/02/2022,79
CUST1474,63,FEMALE,los angeles,"$134,702","Mar 29, 2023",31
CUST1475,42,MALE,Los Angeles,"$30,322",08/09/2022,92
CUST1476,61,female,New York,"$147,370",2023-10-30,25
CUST1477,16,FeMale,Los Angeles,"$105,486","Aug 20, 2022",85
CUST1478,56,Male,New York,"$27,748",2023-02-22,24
CUST1479,18,female,new york,"$38,915","Mar 30, 2023",77
CUST1480,19,Male,new york,"$130,629",2022-05-23,18
CUST1481,36,FEMALE,Unknown,"$101,314",2022-01-10,61
CUST1482,22,Other,Los Angeles,"$72,519","Jan 16, 2022",56
CUST1483,27,MALE,Los Angeles,"$144,705",11/01/2023,25
CUST1484,24,Unknown,New York,"$78,938",05/11/2022,81
CUST1485,19,female,new york,"$143,502",04/10/2022,26
CUST1486,67,FEMALE,los angeles,"$112,337",2023-06-09,52
CUST1487,51,Other,Huston,"$91,026",24/09/2023,84
CUST1488,47,FeMale,Unknown,"$128,932","Jul 24, 2022",80
CUST1489,16,Male,Houston,"$61,291",2022-03-17,49
CUST1490,66,MALE,Los Angeles,"$83,081",2023-11-30,53
CUST1491,69,female,New York,"$40,353",21/06/2023,96
CUST1492,48,Unknown,Houston,"$40,944",2022-01-28,66
CUST1493,37,MALE,new york,"$100,509",2022-12-12,21
CUST1494,40,female,new york,"$33,903","Oct 21, 2022",22
CUST1495,78,Other,new york,"$21,811",2022-05-13,23
CUST1496,86,MALE,Huston,"$31,620",13/04/2023,85
CUST1497,73,Male,los angeles,"$25,982",2022-05-14,38
CUST1498,59,MALE,Houston,"$41,227","Jul 25, 2023",45
CUST1499,17,Other,Houston,"$106,603","Apr 28, 2022",80
CUST1500,38,female,Huston,"$109,728",22/02/2022,91
CUST1501,-5,Unknown,Huston,"$117,521",13/05/2023,81
CUST1502,24,FEMALE,Huston,"$41,306",27/07/2022,64
CUST1503,45,FeMale,Unknown,"$65,834","Mar 30, 2022",89
CUST1504,75,female,Huston,"$113,180",16/12/2023,55
CUST1505,68,Unknown,Houston,N/A,2022-06-26,85
CUST1506,16,MALE,Huston,"$145,892","Apr 28, 2023",96
CUST1507,64,female,Huston,"$33,945",06/06/2023,65
CUST1508,35,female,Houston,N/A,"Jun 19, 2022",20
CUST1509,23,Other,Huston,"$135,953",2022-10-29,38
CUST1510,22,FeMale,New York,"$24,589",2023-04-18,100
CUST1511,77,Other,Unknown,N/A,2022-04-20,3
CUST1512,82,MALE,Huston,"$42,023",16/05/2023,100
CUST1513,44,FeMale,New York,"$103,919",2022-06-04,95
CUST1514,79,MALE,los angeles,"$32,520",2022-06-30,63
CUST1515,46,Male,Huston,"$146,389",03/04/2022,87
CUST1516,33,Male,Unknown,"$68,867","Nov 17, 2022",70
CUST1517,41,MALE,los angeles,"$149,178",18/10/2022,94
CUST1518,59,FeMale,New York,"$98,664",2023-03-04,9
CUST1519,44,Other,Los Angeles,"$60,805",2023-01-31,76
CUST1520,40,Male,New York,N/A,2023-10-24,65
CUST1521,74,Male,New York,"$70,509","Sep 30, 2022",97
CUST1522,19,FeMale,new york,"$67,480",2023-05-18,5
CUST1523,18,female,Houston,"$60,109",04/04/2023,64
CUST1524,78,Other,New York,N/A,"Mar 29, 2023",43
CUST1525,47,FEMALE,Unknown,"$107,036","Nov 23, 2023",42
CUST1526,50,Unknown,Unknown,"$107,271",29/12/2022,29
CUST1527,58,FEMALE,Unknown,"$148,996","Sep 17, 2023",1
CUST1528,66,FEMALE,Los Angeles,"$28,133","May 10, 2023",21
CUST1529,23,female,Unknown,"$120,492",2023-09-01,20
CUST1530,85,FeMale,Los Angeles,"$124,918",2022-05-19,58
CUST1531,23,FeMale,Huston,"$39,438",2022-12-20,74
CUST1532,68,FEMALE,Los Angeles,"$61,475",2022-04-18,12
CUST1533,50,MALE,Unknown,"$96,194",2023-03-12,11
CUST1534,26,Unknown,Los Angeles,"$47,582",2023-11-11,74
CUST1535,29,FeMale,New York,"$147,224",18/01/2022,21
CUST1536,83,FEMALE,Los Angeles,"$30,605",28/03/2023,54
CUST1537,47,female,Unknown,"$35,738","Sep 29, 2023",14
CUST1538,-5,Male,Houston,"$52,875","Jun 05, 2023",87
CUST1539,56,Male,new york,"$133,933","Apr 28, 2023",68
CUST1540,-5,Other,los angeles,"$130,173",25/08/2022,64
CUST1541,58,FeMale,Unknown,"$125,249","Oct 19, 2022",45
CUST1542,44,Unknown,Los Angeles,"$24,814",09/03/2023,99
CUST1543,32,Unknown,Los Angeles,"$28,365","Sep 05, 2022",25
CUST1544,150,Unknown,Los Angeles,N/A,2023-06-09,87
CUST1545,51,FeMale,Huston,"$132,446",06/05/2022,45
CUST1546,23,Unknown,Huston,"$67,178",11/09/2022,90
CUST1547,52,FEMALE,New York,"$34,526",2022-08-05,67
CUST1548,25,FEMALE,new york,"$51,942","Dec 24, 2023",40
CUST1549,49,FEMALE,New York,"$149,892",22/04/2022,73
CUST1550,21,FEMALE,New York,"$101,879",01/08/2022,13
CUST1551,85,female,Unknown,"$138,795",2023-07-29,85
CUST1552,64,Male,Houston,"$95,290",2022-05-12,12
CUST1553,51,Male,New York,"$85,399",2022-09-22,1
CUST1554,59,Male,Unknown,"$145,265",2022-12-15,55
CUST1555,58,Male,New York,"$61,611",25/04/2023,81
CUST1556,59,Other,Huston,"$107,080",30/06/2023,14
CUST1557,54,female,New York,N/A,2022-02-23,85
CUST1558,41,Other,New York,"$75,064","Apr 01, 2022",28
CUST1559,87,female,Unknown,"$66,637",2022-03-01,40
CUST1560,50,Male,new york,"$52,909",2023-01-28,20
CUST1561,45,female,Houston,"$86,808",08/06/2022,31
CUST1562,19,Unknown,Huston,"$34,067",2022-03-03,95
CUST1563,40,female,new york,"$80,168",06/05/2022,31
CUST1564,74,female,Huston,"$109,820",12/08/2022,69
CUST1565,60,FeMale,los angeles,"$90,041",2023-11-24,29
CUST1566,89,Unknown,Houston,"$76,119","Oct 27, 2023",63
CUST1567,150,FEMALE,New York,"$81,876",2022-08-24,43
CUST1568,36,female,new york,"$146,025","Apr 05, 2022",96
CUST1569,18,MALE,Huston,"$93,734",20/10/2022,9
CUST1570,67,Male,new york,N/A,2023-07-25,22
CUST1571,16,MALE,new york,"$117,007",08/05/2023,41
CUST1572,61,MALE,Los Angeles,"$129,148",11/03/2022,17
CUST1573,23,Male,Huston,"$124,632","Nov 19, 2023",7
CUST1574,39,Unknown,Los Angeles,"$126,825",10/12/2022,99
CUST1575,64,MALE,Los Angeles,"$33,408",2022-11-07,2
CUST1576,48,Unknown,new york,"$131,484",2023-09-24,48
CUST1577,76,Male,Huston,"$128,056","Apr 25, 2022",83
CUST1578,36,FeMale,new york,"$26,163",2022-02-07,31
CUST1579,48,FeMale,Huston,"$130,031",2022-03-06,53
CUST1580,80,FeMale,New York,"$77,586",19/06/2022,48
CUST1581,29,MALE,Houston,"$45,955","Dec 07, 2023",72
CUST1582,60,female,Los Angeles,"$149,900",26/11/2022,21
CUST1583,25,FEMALE,Houston,"$148,325",12/11/2022,22
CUST1584,49,Other,Unknown,"$118,956","Apr 18, 2023",100
CUST1585,50,MALE,los angeles,"$63,967",24/06/2022,35
CUST1586,31,female,los angeles,"$145,227",2023-12-08,29
CUST1587,78,Other,Huston,"$146,617",2023-05-25,1
CUST1588,40,FEMALE,Houston,"$88,157",13/12/2022,60
CUST1589,53,Other,Houston,"$28,547","Oct 06, 2023",2
CUST1590,68,FeMale,Houston,"$29,553","Jun 28, 2023",85
CUST1591,39,Other,los angeles,"$141,660","Apr 18, 2023",85
CUST1592,62,Unknown,Houston,"$27,244",2022-10-15,39
CUST1593,54,MALE,los angeles,"$63,388","Oct 08, 2023",19
CUST1594,40,MALE,los angeles,"$98,601",19/05/2022,71
CUST1595,84,Other,Los Angeles,"$79,157",2023-05-14,83
CUST1596,74,Other,los angeles,"$84,692",2023-05-13,36
CUST1597,76,FeMale,Houston,"$43,448",2023-05-15,33
CUST1598,64,Unknown,Unknown,"$36,316","May 16, 2022",37
CUST1599,50,female,new york,"$91,490",2023-05-10,3
CUST1600,25,FeMale,Houston,"$109,536","Nov 05, 2022",20
CUST1601,53,Unknown,New York,"$42,189",2022-09-09,37
CUST1602,33,Other,new york,"$148,660","Nov 27, 2022",54
CUST1603,20,Other,los angeles,N/A,"Apr 09, 2022",20
CUST1604,59,female,new york,"$141,731",2022-12-03,41
CUST1605,67,Unknown,Los Angeles,"$125,177",2022-09-13,75
CUST1606,27,FeMale,Huston,"$136,183",24/03/2022,1
CUST1607,72,Male,los angeles,"$37,685",24/08/2023,41
CUST1608,40,MALE,Los Angeles,"$43,051","Apr 25, 2023",6
CUST1609,56,Other,Unknown,"$126,987","Aug 03, 2022",87
CUST1610,44,FeMale,New York,"$48,934",29/06/2023,76
CUST1611,55,Unknown,Los Angeles,"$64,384",12/09/2023,70
CUST1612,58,Unknown,Unknown,"$109,251",2022-09-25,95
CUST1613,30,Other,New York,"$87,868","Jun 03, 2022",42
CUST1614,52,FeMale,Los Angeles,"$91,373",22/07/2022,51
CUST1615,67,female,New York,N/A,11/01/2023,27
CUST1616,80,FEMALE,New York,"$24,241","Feb 27, 2022",6
CUST1617,-5,Male,new york,"$65,127","Jan 19, 2022",57
CUST2384,32,Other,New York,"$24,825",03/11/2022,1
CUST1619,32,Unknown,Huston,N/A,2022-06-22,76
CUST1620,45,Other,New York,"$22,531","May 16, 2022",19
CUST1621,52,Male,Los Angeles,"$29,980",19/12/2023,77
CUST1622,45,Male,Unknown,"$108,706",2022-05-01,31
CUST1623,22,FeMale,los angeles,"$37,681","Nov 13, 2023",66
CUST1624,76,female,Houston,"$29,447",24/07/2022,28
CUST1625,56,female,New York,"$67,894",29/01/2022,82
CUST1626,34,MALE,New York,"$61,262","Jan 17, 2022",67
CUST1627,80,FeMale,New York,"$136,178",31/01/2022,45
CUST1628,40,Unknown,New York,"$122,816","Nov 02, 2022",74
CUST1629,50,Unknown,Houston,"$35,254",09/02/2023,100
CUST1630,54,FEMALE,Los Angeles,"$41,983","Dec 12, 2022",16
CUST1631,20,female,Los Angeles,"$108,932",26/06/2023,18
CUST1632,47,Other,Houston,"$64,107",28/11/2022,75
CUST1633,23,FEMALE,Unknown,"$149,614",2022-04-11,58
CUST1634,65,MALE,Los Angeles,"$108,726",14/04/2023,40
CUST1635,70,FeMale,Unknown,"$125,507",10/10/2022,68
CUST1636,45,MALE,Houston,"$146,003",15/02/2022,5
CUST1637,24,Male,Los Angeles,N/A,03/12/2023,100
CUST1638,76,FeMale,Houston,"$115,859","Oct 29, 2023",18
CUST1639,42,FEMALE,Houston,"$44,668",2022-01-28,94
CUST1640,70,Male,Houston,"$41,031",11/12/2022,36
CUST1641,72,FEMALE,Huston,"$85,573","Nov 02, 2022",56
CUST1642,44,FeMale,Unknown,"$98,910",05/11/2022,70
CUST1643,76,Other,new york,"$146,516",04/03/2022,7
CUST1644,18,FEMALE,los angeles,N/A,2023-01-08,37
CUST1645,58,Unknown,new york,"$61,411",2023-09-19,87
CUST1646,79,female,Huston,"$93,476",16/09/2022,92
CUST1647,64,female,Unknown,"$100,909","Jan 22, 2022",3
CUST1648,23,Male,Huston,"$138,109","Sep 03, 2023",14
CUST1649,76,MALE,Unknown,N/A,"Feb 28, 2023",49
CUST1650,45,MALE,new york,"$42,195",12/01/2023,34
CUST1651,30,Unknown,new york,"$31,561","Aug 30, 2022",80
CUST1652,17,Other,Unknown,"$149,902","Aug 01, 2022",19
CUST1653,85,MALE,Huston,"$30,076","Mar 10, 2022",71
CUST1654,55,Unknown,New York,"$31,415",15/06/2023,37
CUST1655,64,Other,New York,"$89,279","May 29, 2022",68
CUST1656,36,FEMALE,Houston,"$66,949",2022-03-02,47
CUST1657,32,FEMALE,los angeles,"$22,947","Aug 10, 2023",49
CUST1658,53,FeMale,los angeles,N/A,"Apr 28, 2023",28
CUST1659,52,female,Los Angeles,"$43,928",25/09/2022,18
CUST1660,37,Unknown,Unknown,"$101,790","Jun 20, 2022",61
CUST1661,17,MALE,Huston,"$136,461","Aug 13, 2023",19
CUST1662,76,Other,Houston,"$112,605",2022-06-19,96
CUST1663,21,female,los angeles,"$142,137","Dec 05, 2023",97
CUST1664,23,MALE,Los Angeles,"$60,896",28/05/2022,61
CUST1665,89,FEMALE,New York,"$96,567",20/07/2023,1
CUST1666,27,female,new york,N/A,2023-12-15,27
CUST1667,25,Other,Huston,"$139,392","Apr 17, 2023",1
CUST1668,79,Other,Houston,"$60,416",15/07/2022,30
CUST1669,64,MALE,Unknown,"$136,633","Mar 04, 2023",56
CUST1670,17,Male,los angeles,N/A,05/10/2022,13
CUST1671,74,female,new york,N/A,23/04/2022,97
CUST1672,18,female,new york,"$26,909","Dec 23, 2023",4
CUST1673,68,female,Los Angeles,N/A,2022-08-30,40
CUST1674,53,Other,Unknown,"$85,964",2023-06-13,27
CUST1675,51,female,los angeles,"$39,273",2022-11-03,11
CUST1676,46,Male,new york,"$43,233","Jul 09, 2023",35
CUST1677,45,Other,new york,"$44,062",16/09/2022,94
CUST1678,29,FEMALE,New York,"$112,711",2022-02-28,13
CUST1679,68,FEMALE,Los Angeles,"$126,945",27/07/2023,16
CUST1680,42,Male,Los Angeles,N/A,2022-08-02,36
CUST1681,77,FEMALE,Los Angeles,N/A,28/01/2023,18
CUST1682,26,Male,new york,"$47,554",2023-12-31,70
CUST1683,63,Other,New York,"$33,292",2023-08-09,37
CUST1684,52,Unknown,Unknown,"$76,445",2022-03-12,55
CUST1685,76,Male,Huston,"$67,870",08/03/2023,99
CUST1686,22,Male,Houston,"$137,706",2023-10-01,94
CUST1687,52,Male,new york,"$87,706",2022-01-24,61
CUST1688,22,Other,Los Angeles,"$33,617","Nov 27, 2023",81
CUST1689,33,MALE,Huston,"$92,440",04/06/2022,91
CUST1690,89,MALE,new york,N/A,"Jun 19, 2022",59
CUST1691,58,FeMale,Houston,"$24,683","Apr 26, 2022",69
CUST1692,18,Unknown,Unknown,"$131,748",2022-06-21,1
CUST1693,84,FeMale,Huston,"$94,971",02/12/2023,82
CUST1694,86,FEMALE,Los Angeles,"$20,046","Dec 14, 2022",7
CUST1695,-5,Unknown,Unknown,"$66,144","Aug 13, 2023",44
CUST1696,65,FEMALE,Huston,"$88,326","Jul 17, 2023",4
CUST1697,26,FeMale,Los Angeles,"$85,812",18/03/2022,76
CUST1698,16,MALE,Huston,"$110,089",23/11/2022,91
CUST1699,47,Other,Unknown,"$27,332",14/02/2022,42
CUST1700,33,female,Houston,"$39,457","Mar 07, 2023",65
CUST1701,60,Other,Houston,"$138,937","Dec 22, 2023",31
CUST1702,58,female,los angeles,"$146,880",2023-11-02,98
CUST1703,47,Male,Unknown,"$129,126",2023-10-31,85
CUST1704,63,FeMale,Los Angeles,"$56,380",2023-06-12,80
CUST1705,77,Male,Huston,"$111,861","Oct 03, 2023",41
CUST1706,54,MALE,Houston,"$94,607",2022-11-15,67
CUST1707,30,FEMALE,Huston,"$58,753","Apr 30, 2022",22
CUST1708,84,MALE,Huston,"$143,755",05/06/2023,33
CUST1709,58,FEMALE,Los Angeles,"$95,250",2022-08-28,98
CUST1710,89,MALE,Los Angeles,"$46,137",2023-04-09,9
CUST1711,85,Other,Huston,"$138,474",2023-11-08,70
CUST1712,35,MALE,Houston,"$44,512",09/03/2022,91
CUST1713,-5,Male,new york,"$122,077",13/04/2022,66
CUST1714,24,FeMale,Huston,"$31,943",2022-02-16,68
CUST1715,50,MALE,Los Angeles,"$142,682",2022-08-04,31
CUST1716,-5,Unknown,Unknown,"$128,980",2022-09-12,30
CUST1717,29,Other,Los Angeles,"$81,726",25/02/2022,83
CUST1718,46,Male,new york,"$88,804","Aug 26, 2023",61
CUST1719,48,Unknown,los angeles,"$80,457","Jul 04, 2023",5
CUST1720,71,Unknown,Houston,"$42,831",04/06/2023,
CUST1721,44,Unknown,New York,"$22,676",20/08/2022,28
CUST1722,84,FeMale,Unknown,"$120,788",2022-03-13,72
CUST1723,68,Unknown,Los Angeles,"$87,050",2022-05-11,90
CUST1724,36,FEMALE,Houston,"$62,162","Sep 29, 2022",6
CUST1725,150,Male,Houston,N/A,2023-03-19,84
CUST1726,71,Unknown,Huston,"$42,701",25/09/2022,44
CUST1727,16,Unknown,los angeles,"$143,708",20/10/2023,40
CUST1728,57,Unknown,Huston,"$44,402",2022-03-06,23
CUST1729,32,FEMALE,new york,"$105,302",2022-02-24,26
CUST1730,52,MALE,los angeles,"$87,763","May 19, 2022",6
CUST1731,71,Other,Unknown,"$23,077",2022-05-04,49
CUST1732,28,FeMale,Houston,"$54,018",2022-05-02,95
CUST1733,65,Other,Huston,"$45,195","Mar 24, 2023",61
CUST1734,77,Male,Houston,"$108,518",2023-12-16,67
CUST1735,53,Unknown,Unknown,"$49,970",2023-04-30,3
CUST1736,35,Unknown,los angeles,"$73,681",12/04/2023,54
CUST1737,71,Other,los angeles,"$25,098",04/07/2023,23
CUST1738,36,Male,Huston,"$142,761",10/12/2023,33
CUST1739,48,female,Huston,"$48,528",15/01/2023,18
CUST1740,23,MALE,Los Angeles,"$33,241","Feb 20, 2023",85
CUST1741,73,Male,Huston,"$38,553",15/06/2022,25
CUST1742,70,Unknown,Unknown,N/A,2023-01-26,47
CUST1743,77,FEMALE,Houston,"$45,394","Jan 02, 2023",25
CUST1744,75,FEMALE,Los Angeles,"$84,102","Dec 19, 2022",2
CUST1745,71,FeMale,Unknown,"$23,816",05/11/2023,64
CUST1746,25,MALE,Huston,"$130,587",15/07/2022,75
CUST1747,50,MALE,Los Angeles,"$104,090",2023-07-07,43
CUST1748,53,female,Los Angeles,"$52,903","Sep 14, 2023",93
CUST1749,32,female,los angeles,"$131,111","Aug 04, 2022",99
CUST1750,60,female,Los Angeles,"$53,415",2023-01-24,71
CUST1751,27,Unknown,Houston,"$38,127",2023-12-27,37
CUST1752,63,Other,Unknown,"$103,067",26/06/2022,35
CUST1753,80,FEMALE,los angeles,"$106,789",2023-05-22,96
CUST1754,23,Male,New York,"$65,782",2023-08-11,11
CUST1755,75,female,Huston,"$37,902",2022-09-06,73
CUST1756,28,Male,Huston,"$57,707","Sep 24, 2022",64
CUST1757,44,female,los angeles,"$37,088",2022-12-27,19
CUST1758,72,female,Unknown,N/A,"Jun 16, 2022",42
CUST1759,42,Unknown,los angeles,"$69,976","May 30, 2023",30
CUST1760,41,MALE,new york,"$117,038",2022-03-26,63
CUST1761,83,Male,Los Angeles,"$40,876","Aug 13, 2023",74
CUST1762,80,MALE,los angeles,"$32,260",23/09/2023,81
CUST1763,70,Male,Houston,"$65,174",2023-06-03,28
CUST1764,39,FeMale,Los Angeles,"$59,617",11/09/2022,98
CUST1765,74,Unknown,Houston,"$20,275","Oct 05, 2023",9
CUST1766,28,MALE,new york,"$65,581",2022-03-05,81
CUST1767,150,Male,Unknown,"$93,856",11/09/2022,83
CUST1768,82,FeMale,Houston,"$39,554",2022-05-03,13
CUST1769,56,MALE,Huston,"$79,187",12/02/2022,78
CUST1770,38,Unknown,los angeles,"$96,543","May 22, 2022",79
CUST1771,78,FEMALE,los angeles,N/A,"Aug 29, 2022",95
CUST1772,43,FeMale,Huston,N/A,24/05/2022,76
CUST1773,41,MALE,Houston,"$61,503","Nov 20, 2023",55
CUST1774,33,female,Huston,"$121,846",2022-01-25,13
CUST1775,150,Other,Unknown,"$145,663",2022-06-22,90
CUST1776,28,FeMale,Houston,"$134,237",22/08/2023,5
CUST1777,56,Unknown,New York,"$98,027",05/06/2023,75
CUST1778,83,Unknown,Huston,"$148,630","Sep 23, 2023",11
CUST1779,70,FEMALE,new york,"$40,310","Oct 27, 2022",3
CUST1780,42,female,Unknown,"$57,838",06/01/2022,45
CUST1781,34,Other,los angeles,"$49,562",23/03/2022,24
CUST1782,69,Male,Unknown,"$140,745",30/01/2023,27
CUST1783,49,MALE,Huston,"$148,636",2023-06-07,93
CUST1784,47,female,Unknown,"$97,795",2022-07-25,15
CUST1785,89,Other,Unknown,N/A,2022-10-28,28
CUST1786,86,Other,Unknown,"$89,833",2023-06-30,35
CUST1787,88,FEMALE,new york,"$109,720",2023-11-10,65
CUST1788,45,Other,Los Angeles,"$64,445",2023-12-05,31
CUST1789,38,FeMale,New York,"$132,304",2023-02-23,88
CUST1790,19,MALE,Huston,"$34,655",14/12/2022,8
CUST1791,39,Unknown,Unknown,N/A,"Jan 26, 2023",4
CUST1792,22,Male,los angeles,"$99,486",15/06/2022,17
CUST1793,43,Male,Unknown,"$30,914","May 24, 2022",8
CUST1794,55,Other,Unknown,N/A,2022-10-31,44
CUST1795,39,FEMALE,Huston,"$40,625",18/04/2022,11
CUST1796,88,female,Huston,"$100,458",2022-06-08,11
CUST1797,67,female,los angeles,"$97,679",2022-01-19,95
CUST1798,72,FEMALE,New York,"$62,947",2023-08-22,82
CUST1799,22,female,los angeles,"$119,552","Nov 08, 2023",28
CUST1800,21,FeMale,los angeles,"$102,041","Nov 08, 2023",24
CUST1801,84,female,Unknown,"$74,461",2023-02-13,44
CUST1802,44,female,New York,"$122,891",2022-07-17,54
CUST1803,75,FeMale,Houston,"$50,581","Nov 21, 2023",30
CUST1804,64,Unknown,Los Angeles,"$126,344","Nov 25, 2022",53
CUST1805,78,female,Unknown,"$82,501","Mar 08, 2023",19
CUST1806,33,Other,Unknown,"$67,838","Mar 18, 2023",22
CUST1807,68,MALE,Houston,"$147,779","Apr 30, 2022",71
CUST1808,63,Other,Houston,N/A,11/07/2022,31
CUST1809,68,Unknown,los angeles,"$102,291","May 31, 2023",19
CUST1810,56,female,los angeles,"$66,840","Jul 26, 2023",7
CUST1811,30,Unknown,los angeles,"$134,800","Feb 07, 2022",37
CUST1812,17,FEMALE,Los Angeles,"$26,012","Nov 25, 2023",91
CUST1813,82,female,New York,"$108,284","Nov 03, 2023",33
CUST1814,32,MALE,New York,"$102,233",2023-09-02,93
CUST1815,20,MALE,Huston,"$132,505","Apr 26, 2023",95
CUST1816,80,FEMALE,New York,"$128,345",2023-03-13,58
CUST1817,40,Male,Houston,"$69,039",11/11/2022,
CUST1818,42,Unknown,Huston,"$82,457","Nov 02, 2022",93
CUST1819,43,Other,Los Angeles,"$140,023",2023-07-20,4
CUST1820,81,FEMALE,Houston,"$147,339","Sep 09, 2023",6
CUST1821,86,FeMale,Los Angeles,"$77,001",08/01/2022,71
CUST1822,61,Unknown,Huston,"$124,866",2022-08-18,35
CUST1823,41,FeMale,Unknown,"$88,348",13/08/2023,77
CUST1824,68,Unknown,new york,N/A,"Aug 02, 2023",2
CUST1825,82,female,los angeles,"$148,571",2022-11-02,25
CUST1826,22,MALE,Los Angeles,"$51,000","Oct 19, 2022",24
CUST1827,58,MALE,new york,"$50,578",22/12/2022,87
CUST1828,27,FEMALE,New York,"$64,021",2022-06-23,86
CUST1829,74,female,Huston,N/A,"Oct 13, 2023",40
CUST1830,58,Male,Los Angeles,"$25,425","Sep 22, 2022",5
CUST1831,88,female,Los Angeles,N/A,"Mar 15, 2023",54
CUST1832,51,Unknown,new york,"$112,550",2022-12-31,85
CUST1833,31,FEMALE,new york,"$56,792",27/02/2022,48
CUST1834,66,Unknown,new york,"$27,168",19/09/2023,80
CUST1835,82,Male,Los Angeles,"$94,423",25/06/2022,49
CUST1836,59,female,Unknown,"$63,362",16/01/2023,38
CUST1837,50,FeMale,new york,"$100,840",20/08/2023,5
CUST1838,46,MALE,new york,"$64,110","Nov 09, 2022",86
CUST1839,28,female,Huston,"$48,686",07/12/2022,31
CUST1840,43,female,new york,"$66,632",11/10/2023,43
CUST1841,43,Other,new york,N/A,01/11/2023,46
CUST1842,36,Other,New York,"$149,729","Apr 25, 2022",37
CUST1843,22,Male,new york,"$121,722",2023-03-11,30
CUST1844,66,Male,Houston,"$105,183","Sep 15, 2023",93
CUST1845,30,Male,Houston,"$63,445",13/05/2023,24
CUST1846,70,female,Huston,"$78,098",28/04/2023,50
CUST1847,43,MALE,Houston,"$96,882",2022-09-25,14
CUST1848,72,Unknown,Unknown,"$143,378","May 24, 2022",49
CUST1849,-5,FEMALE,Huston,"$27,363",04/03/2022,72
CUST1850,35,Male,New York,"$109,190",2022-06-14,27
CUST1851,47,Unknown,new york,N/A,2022-11-05,21
CUST1852,66,FEMALE,Los Angeles,"$60,568","Dec 02, 2022",86
CUST1853,69,Unknown,new york,"$114,244",2022-09-28,31
CUST1854,51,Unknown,los angeles,"$64,903",12/07/2022,81
CUST1855,29,FEMALE,Unknown,"$65,124",2022-04-10,79
CUST1760,28,female,Unknown,"$27,839",2023-09-03,12
CUST1857,38,MALE,new york,"$112,480",2023-10-15,5
CUST1858,32,Male,new york,"$126,058",26/09/2022,82
CUST1859,82,Male,Houston,"$123,934","Aug 16, 2023",32
CUST1860,64,female,New York,N/A,10/04/2022,35
CUST1861,72,Unknown,new york,"$148,393",2023-03-28,20
CUST1862,83,Male,los angeles,"$22,604",11/07/2023,77
CUST1863,42,Unknown,Houston,"$83,902",2022-07-06,19
CUST1864,18,MALE,New York,N/A,2023-10-25,43
CUST2100,18,FeMale,Houston,"$103,557",2022-02-06,49
CUST1866,36,FEMALE,los angeles,N/A,2022-10-10,97
CUST1867,51,female,Houston,"$78,413","Jun 12, 2023",40
CUST1868,66,MALE,new york,"$112,383",2022-01-16,70
CUST1869,34,Other,los angeles,"$56,848",01/05/2022,45
CUST1870,24,Male,los angeles,"$125,422",2022-10-25,76
CUST1871,84,female,New York,"$84,743",2022-07-03,48
CUST1872,54,FeMale,Los Angeles,"$80,761",05/10/2022,39
CUST1873,40,Unknown,Los Angeles,"$41,818",2023-09-28,17
CUST1874,70,Unknown,los angeles,"$66,330","Jul 28, 2023",62
CUST1875,19,FeMale,new york,"$24,733",2023-09-21,2
CUST1876,55,FEMALE,new york,"$48,341","Aug 19, 2022",97
CUST1877,44,FeMale,Unknown,"$73,894",04/02/2023,20
CUST1878,63,FeMale,new york,"$35,858",2023-10-24,53
CUST1879,64,FeMale,New York,"$41,988","Mar 18, 2023",89
CUST1880,17,FeMale,Unknown,"$118,496","Sep 14, 2023",89
CUST1881,32,Other,los angeles,"$55,796",2022-06-15,56
CUST1882,66,Other,Los Angeles,N/A,2023-10-31,68
CUST1883,86,FeMale,Unknown,"$30,597",2022-06-11,87
CUST1884,57,FeMale,Los Angeles,"$94,587",2023-11-02,64
CUST1885,63,Other,los angeles,"$64,295",2023-08-18,96
CUST1886,53,female,Huston,N/A,2022-04-15,73
CUST1887,32,Unknown,los angeles,"$145,278",2023-01-08,35
CUST1888,69,FEMALE,New York,"$71,107",23/10/2022,63
CUST1889,70,FEMALE,Unknown,"$127,238",2023-03-13,9
CUST1890,80,Male,new york,"$21,347","Jun 12, 2022",53
CUST1891,42,Male,new york,"$131,619",06/09/2023,81
CUST1892,78,FeMale,new york,"$72,548","Apr 11, 2022",
CUST1893,35,Male,Houston,"$114,165","Sep 29, 2022",48
CUST1894,47,FEMALE,Los Angeles,"$149,942",07/05/2023,43
CUST1895,76,MALE,Huston,"$131,198",2023-10-04,4
CUST1896,23,FEMALE,new york,"$141,761",03/08/2022,17
CUST1897,39,Unknown,Unknown,"$107,996",2022-07-19,21
CUST1898,85,FEMALE,New York,"$64,558","Jan 12, 2023",45
CUST1899,61,FEMALE,Huston,N/A,"Jan 21, 2022",55
CUST1900,66,female,los angeles,"$65,590",31/10/2023,7
CUST1901,22,Other,Unknown,"$85,304",13/02/2023,75
CUST1902,32,FeMale,new york,"$26,536",2023-04-24,47
CUST1903,50,FeMale,Huston,"$44,956","Dec 17, 2022",83
CUST1904,61,Male,Unknown,"$36,871","Apr 01, 2023",96
CUST1905,31,FeMale,New York,"$28,373",05/07/2022,69
CUST1906,30,female,Huston,"$47,025",13/11/2023,1
CUST1907,49,Unknown,Huston,"$69,134",23/04/2022,63
CUST1908,23,Unknown,new york,"$52,103",2023-08-12,7
CUST1909,78,Male,los angeles,"$51,883",2022-09-29,92
CUST1910,30,MALE,New York,"$91,436","Jul 13, 2023",5
CUST1911,50,MALE,Houston,"$32,423","Mar 05, 2023",26
CUST1912,20,Unknown,Los Angeles,"$134,983",09/02/2022,5
CUST1913,16,Other,new york,"$31,203",30/04/2023,34
CUST1914,33,Unknown,los angeles,"$83,270",2023-04-10,32
CUST1915,37,FeMale,new york,"$112,769","Sep 29, 2023",91
CUST1916,63,FeMale,Los Angeles,"$117,636",2023-09-20,4
CUST1917,79,FEMALE,Huston,"$94,395","Sep 23, 2022",30
CUST1918,37,Unknown,Huston,"$76,680",23/08/2023,49
CUST1919,61,Male,los angeles,"$80,598",12/02/2023,35
CUST1920,88,FeMale,los angeles,"$70,431","Oct 30, 2023",
CUST1921,27,FEMALE,Unknown,"$95,160",12/01/2023,57
CUST1922,86,Other,Los Angeles,"$60,157",2022-10-26,48
CUST1923,84,Male,los angeles,"$98,625",2022-12-02,14
CUST1924,59,Unknown,Houston,"$49,129","May 17, 2023",73
CUST1925,34,Other,Houston,"$103,776","Mar 08, 2023",24
CUST1926,83,Unknown,Huston,"$26,758","Mar 11, 2023",48
CUST1927,75,female,new york,N/A,2022-12-27,86
CUST1928,37,FeMale,los angeles,"$44,575",2022-05-31,81
CUST1929,36,Unknown,Huston,N/A,"Dec 17, 2022",2
CUST1930,83,FEMALE,Houston,"$85,530",2023-02-08,27
CUST1931,24,female,Houston,"$55,458",2022-11-03,76
CUST1932,59,Other,los angeles,"$134,594",2023-02-26,61
CUST1933,76,MALE,Houston,"$114,580",29/01/2023,68
CUST1934,82,Other,New York,"$124,195",12/05/2023,40
CUST1935,41,Other,los angeles,"$130,656","Mar 31, 2022",49
CUST1936,83,FeMale,Unknown,"$110,249","Dec 27, 2023",4
CUST1937,23,MALE,Houston,"$64,310",25/04/2022,75
CUST1938,73,Unknown,Huston,"$146,478","Dec 07, 2022",53
CUST1939,57,MALE,Los Angeles,"$97,398","Nov 17, 2022",98
CUST1940,44,FeMale,Unknown,"$20,713",2022-03-16,41
CUST1941,39,female,los angeles,"$53,862",2023-02-19,69
CUST1942,70,FeMale,los angeles,"$22,472",18/10/2022,82
CUST1943,50,Unknown,los angeles,"$53,064","Aug 26, 2022",
CUST1944,59,Other,Huston,"$51,527",2022-08-21,100
CUST1945,40,Male,Houston,N/A,2022-12-06,21
CUST1946,77,Male,Huston,"$83,208",2023-12-07,39
CUST1947,43,Unknown,New York,"$35,306",2023-07-24,70
CUST1948,74,Unknown,Huston,"$78,538",18/03/2022,88
CUST1949,77,Unknown,new york,"$43,782",06/02/2023,91
CUST1950,63,MALE,new york,N/A,2022-05-31,12
CUST1951,41,female,Los Angeles,N/A,16/09/2022,54
CUST1952,83,FeMale,Los Angeles,"$40,854","Apr 16, 2023",11
CUST1953,65,MALE,Unknown,"$37,312",14/01/2023,21
CUST1954,17,female,Houston,"$92,527","Aug 13, 2022",90
CUST1955,33,Unknown,los angeles,"$60,170","Feb 05, 2023",1
CUST1956,150,FeMale,los angeles,"$44,410","Oct 07, 2022",67
CUST1957,72,FeMale,New York,"$141,262",19/05/2022,16
CUST1958,47,FEMALE,Houston,"$114,194","Dec 23, 2023",22
CUST1959,83,FEMALE,New York,"$45,379","Jan 08, 2023",34
CUST1960,53,FeMale,Houston,"$136,692","Sep 25, 2022",14
CUST1961,74,Male,los angeles,"$47,966","Nov 12, 2022",43
CUST1962,75,FeMale,Los Angeles,"$37,584",2022-06-03,3
CUST1963,66,FeMale,Huston,"$136,549","Dec 04, 2023",95
CUST1964,55,FEMALE,New York,"$70,538",2023-04-19,48
CUST1965,50,Male,Houston,"$60,571",2022-05-26,28
CUST1966,50,FEMALE,los angeles,"$65,978",14/12/2022,100
CUST1967,67,Other,new york,"$40,193",31/10/2023,68
CUST1968,25,Other,Unknown,"$25,756",21/02/2023,91
CUST1969,68,female,Huston,"$32,441","Aug 26, 2022",28
CUST1970,56,MALE,Los Angeles,"$48,548",2022-04-13,95
CUST1971,150,FeMale,Unknown,"$101,988",18/05/2023,93
CUST1972,72,female,Huston,"$147,974",04/02/2022,81
CUST1973,76,MALE,Houston,"$129,170","Oct 06, 2022",93
CUST1974,58,FeMale,Huston,"$89,755",2022-11-03,24
CUST1975,60,Unknown,new york,"$130,202",2023-04-23,7
CUST1976,17,Other,los angeles,"$75,299",2022-08-10,38
CUST1977,25,Unknown,new york,"$123,627",2022-05-05,9
CUST1978,52,FeMale,los angeles,"$85,247","Aug 20, 2022",16
CUST1979,35,Other,Huston,"$145,539",2022-10-28,61
CUST1980,25,Male,Huston,"$146,871",2023-04-14,39
CUST1981,18,FeMale,New York,"$60,129",08/02/2022,18
CUST1982,65,Other,Huston,"$36,100",11/02/2023,89
CUST1983,67,Male,los angeles,"$21,455","Aug 25, 2022",81
CUST1984,-5,Unknown,Houston,"$125,961","May 18, 2022",57
CUST1985,51,Male,Los Angeles,N/A,2023-04-23,18
CUST1986,58,Male,Houston,"$99,914",2022-05-01,6
CUST1987,88,female,Unknown,N/A,10/04/2022,46
CUST1988,21,MALE,Unknown,"$108,909",23/11/2023,16
CUST1989,150,female,Houston,"$83,709",2022-07-08,20
CUST1990,77,FeMale,los angeles,"$120,084","Dec 30, 2022",29
CUST1991,80,FeMale,los angeles,"$117,259",14/06/2022,26
CUST1992,83,Other,Los Angeles,N/A,17/06/2022,35
CUST1993,60,MALE,Houston,"$39,618",26/10/2023,53
CUST1994,53,FEMALE,Unknown,"$121,179",2022-09-10,25
CUST1995,77,MALE,new york,"$120,931",2023-05-29,19
CUST1996,44,FEMALE,los angeles,"$59,823",2023-02-25,73
CUST1997,41,FEMALE,Unknown,"$32,921",2022-03-20,65
CUST1998,34,FEMALE,Houston,"$79,253",2023-11-03,85
CUST1999,64,Male,Unknown,"$132,519",12/04/2022,19
CUST2000,87,MALE,new york,"$32,212",2022-11-12,46
CUST2001,53,Other,Unknown,"$97,685",2022-07-08,90
CUST2002,17,MALE,New York,N/A,22/06/2023,34
CUST2003,85,FEMALE,Unknown,"$23,246",2023-01-22,78
CUST2004,42,female,Unknown,"$148,133",2022-04-07,68
CUST2005,32,FeMale,los angeles,"$105,109",2023-03-26,49
CUST2006,64,MALE,Unknown,"$43,065",2023-01-12,31
CUST2007,29,Unknown,new york,"$45,203",10/12/2022,22
CUST2008,31,MALE,los angeles,"$107,142",15/04/2022,4
CUST2009,76,Other,Huston,"$137,418",2022-05-31,91
CUST2010,80,FEMALE,los angeles,"$138,728",16/10/2023,11
CUST2011,74,Other,New York,"$137,805",2022-08-17,87
CUST2012,89,female,New York,"$92,690",2022-08-12,64
CUST2013,25,FEMALE,New York,"$108,829",2023-06-11,35
CUST2014,65,female,New York,"$24,920","Apr 29, 2023",77
CUST2015,82,MALE,New York,"$127,973",18/09/2022,97
CUST2016,52,MALE,New York,"$100,910","Jul 01, 2022",
CUST2017,41,FeMale,New York,"$28,290",05/01/2023,7
CUST2018,81,Other,Los Angeles,"$91,010","Jul 30, 2022",79
CUST2019,74,FEMALE,los angeles,"$104,990",06/10/2022,63
CUST2020,28,Unknown,new york,N/A,09/04/2022,85
CUST2021,52,Male,New York,"$68,604","Nov 29, 2022",75
CUST2022,21,Male,Houston,"$147,675","Sep 05, 2022",92
CUST2023,57,Unknown,los angeles,"$54,528",07/05/2022,62
CUST2024,71,Male,Unknown,"$40,092","Sep 29, 2023",72
CUST2025,76,Other,Unknown,"$87,386",16/12/2022,36
CUST2026,73,Other,New York,"$84,453",2022-08-05,51
CUST2027,71,FeMale,Los Angeles,N/A,"Mar 28, 2022",27
CUST2028,53,female,Huston,"$79,203",2022-10-18,95
CUST2029,58,Other,los angeles,"$64,188",28/06/2022,66
CUST2030,65,MALE,Unknown,"$141,245","Feb 24, 2022",39
CUST2031,17,Male,Huston,"$131,803","Nov 07, 2023",21
CUST1718,87,FeMale,new york,"$144,523",2022-11-15,6
CUST2033,-5,Unknown,los angeles,"$137,954",2023-10-05,78
CUST2034,44,Male,Huston,"$42,143","May 05, 2023",46
CUST2035,55,FEMALE,Los Angeles,"$51,176","Aug 14, 2023",27
CUST2036,79,Unknown,Huston,"$36,926","Aug 02, 2022",42
CUST2037,25,female,Los Angeles,"$81,532","Sep 14, 2022",71
CUST2038,17,Unknown,New York,"$81,433",31/05/2023,100
CUST2039,38,FEMALE,Houston,"$85,352",10/01/2023,23
CUST2040,45,Male,los angeles,"$55,604",04/04/2023,49
CUST2041,78,female,New York,"$111,199","Jun 27, 2022",60
CUST2042,28,Other,New York,"$85,333",2023-02-10,63
CUST2043,16,FeMale,Unknown,"$136,698","Nov 20, 2023",70
CUST2044,83,FEMALE,Houston,"$109,206",2022-03-28,63
CUST2045,26,MALE,new york,"$72,229",10/12/2023,88
CUST2046,61,FeMale,Unknown,"$142,900",2023-06-26,91
CUST2047,76,FEMALE,Los Angeles,"$116,558","Jan 14, 2022",44
CUST2048,71,FEMALE,Huston,"$97,829",05/11/2023,93
CUST2049,28,Unknown,Houston,"$131,134",12/10/2022,65
CUST2050,24,Unknown,Houston,"$143,140",2023-03-05,36
CUST2051,47,Other,Unknown,"$120,531",2023-07-16,8
CUST2052,66,Male,Huston,"$118,565",2023-11-12,66
CUST2053,24,Male,new york,"$119,026","Oct 27, 2023",17
CUST2054,88,female,Huston,"$42,275",09/05/2023,44
CUST2055,72,Unknown,Huston,N/A,2022-04-06,35
CUST2056,42,Other,new york,"$43,891",2022-05-29,61
CUST2057,41,Other,Houston,"$40,297",2023-06-13,23
CUST2058,19,Male,New York,"$51,357",2023-03-20,80
CUST2059,51,Unknown,los angeles,"$116,644",2022-04-22,72
CUST2060,-5,Unknown,New York,"$70,399","Dec 24, 2022",27
CUST2061,82,Male,new york,"$99,031",2022-04-12,33
CUST2062,36,female,Unknown,"$117,634",2022-05-22,60
CUST2063,68,FeMale,los angeles,"$58,172",2022-12-31,86
CUST2064,52,FeMale,los angeles,"$125,545","Jul 26, 2022",90
CUST2065,18,female,los angeles,"$72,141","May 11, 2022",92
CUST2066,73,female,Huston,"$60,725",02/04/2023,27
CUST2067,69,FeMale,los angeles,"$26,080","Feb 18, 2022",91
CUST2068,59,FeMale,new york,"$82,307",09/10/2022,93
CUST2069,57,female,Houston,"$52,325",2023-05-03,
CUST2070,39,Unknown,Los Angeles,"$123,253",2023-04-14,73
CUST2071,34,FeMale,New York,"$46,207",2022-10-24,13
CUST2072,27,Unknown,Huston,"$91,390","Mar 14, 2023",45
CUST2073,88,Other,Los Angeles,"$125,356",2022-01-09,66
CUST2074,86,FeMale,Los Angeles,"$122,990","Apr 06, 2023",42
CUST2075,64,Other,New York,"$25,417",2022-12-21,63
CUST2076,46,FEMALE,los angeles,"$44,291","Feb 24, 2022",47
CUST2077,71,Unknown,New York,"$103,832","Jul 07, 2022",11
CUST2078,21,Unknown,New York,"$76,907",24/07/2022,44
CUST2079,44,FEMALE,Houston,"$27,008",09/10/2023,37
CUST2080,66,Other,Huston,"$74,031",01/11/2022,81
CUST2081,77,FEMALE,New York,"$123,394","Nov 29, 2022",61
CUST2082,28,Unknown,Huston,"$142,250",23/10/2023,47
CUST2083,34,FEMALE,New York,N/A,"Apr 18, 2023",24
CUST2084,22,Unknown,Los Angeles,"$60,992",2022-09-22,97
CUST2085,85,FeMale,new york,"$20,961","May 23, 2023",33
CUST2086,72,MALE,los angeles,"$132,843","Jan 25, 2022",56
CUST2087,86,Male,Los Angeles,"$55,916",2022-02-21,41
CUST2088,47,Male,new york,"$88,673",2022-07-19,22
CUST2089,40,Other,Los Angeles,"$25,360",2023-06-24,14
CUST2090,62,female,Huston,"$59,772",28/11/2023,46
CUST2091,39,Male,New York,"$120,072",2022-11-29,17
CUST2092,55,FeMale,Los Angeles,"$29,915",2023-07-23,24
CUST2093,30,Unknown,Huston,"$142,678",25/11/2023,14
CUST2094,-5,MALE,Unknown,"$90,968",31/10/2023,45
CUST2095,84,FeMale,Huston,"$102,446",2022-02-01,14
CUST2096,86,FEMALE,los angeles,"$66,165",18/03/2022,3
CUST2097,80,Unknown,Houston,"$47,374",2022-01-07,27
CUST2098,75,female,Unknown,"$97,190","Dec 10, 2023",29
CUST2099,28,Male,Houston,"$25,619",21/04/2022,22
CUST2100,55,Male,Unknown,"$94,032",08/02/2022,51
CUST2101,55,Unknown,Huston,"$57,783","Jan 29, 2023",31
CUST2102,47,MALE,new york,"$96,659","Feb 21, 2023",34
CUST2103,84,FEMALE,Los Angeles,"$38,116",2023-09-23,15
CUST2104,59,MALE,new york,"$91,780",05/03/2023,27
CUST2105,22,FEMALE,New York,"$74,000","Jul 25, 2023",27
CUST2106,21,FEMALE,new york,"$56,312","Apr 25, 2022",27
CUST2107,34,female,Houston,N/A,"Jan 29, 2022",26
CUST2108,42,female,Unknown,"$58,445",2023-06-08,69
CUST2109,25,Other,Huston,"$71,018",2022-04-28,87
CUST2110,46,MALE,los angeles,"$48,435","Jul 11, 2023",12
CUST2111,48,Male,Unknown,"$115,279",29/09/2023,9
CUST2112,69,FEMALE,los angeles,"$45,899",23/03/2023,38
CUST2113,21,female,Houston,"$69,887",2022-10-27,57
CUST2114,37,Other,New York,"$149,837",2022-11-19,10
CUST2115,42,Other,Houston,"$136,587",2022-10-17,3
CUST2116,87,MALE,los angeles,"$38,265",04/05/2022,64
CUST2117,51,FeMale,new york,N/A,08/09/2022,28
CUST2118,76,Male,los angeles,"$74,984",2023-12-11,22
CUST2119,75,Unknown,los angeles,"$114,230",2022-05-26,59
CUST2120,72,Unknown,New York,"$41,534",07/12/2023,5
CUST2121,29,Other,los angeles,"$103,493",14/12/2022,42
CUST2122,22,Other,los angeles,"$116,186",30/05/2023,9
CUST2123,77,Male,new york,"$21,437",02/11/2022,32
CUST2124,21,Male,new york,"$147,631",26/06/2022,73
CUST2125,86,FeMale,new york,"$78,615",2023-11-25,18
CUST2126,150,MALE,Los Angeles,"$95,269",2023-09-07,66
CUST2127,57,Male,New York,"$28,632","Jun 27, 2023",38
CUST2128,27,FEMALE,Los Angeles,"$32,531","Jul 05, 2022",75
CUST2129,44,FEMALE,Unknown,"$65,722",2022-01-07,58
CUST2130,25,FeMale,Los Angeles,"$77,765","Jan 08, 2023",47
CUST2131,21,female,los angeles,"$32,014",2022-03-09,66
CUST2132,26,Other,Unknown,"$48,309","May 24, 2023",84
CUST2133,84,female,New York,N/A,"Mar 05, 2022",40
CUST2134,33,Other,Huston,"$49,796",2023-01-13,67
CUST2135,36,FeMale,new york,"$141,733",19/02/2023,38
CUST2136,69,female,New York,"$129,999","Feb 28, 2022",99
CUST2137,38,Other,los angeles,"$106,382","Feb 26, 2022",1
CUST2138,57,Other,los angeles,"$37,885",2022-05-07,15
CUST2139,79,FeMale,Los Angeles,"$55,899","Feb 20, 2023",17
CUST2140,61,Male,Houston,"$73,190","Feb 18, 2022",80
CUST2141,52,FeMale,New York,N/A,"Mar 03, 2023",9
CUST2142,46,Unknown,Los Angeles,"$30,571",2023-07-23,55
CUST2143,75,FeMale,new york,"$88,395","Aug 26, 2023",50
CUST2144,23,female,Unknown,"$51,769",2023-08-04,43
CUST2145,66,FeMale,Huston,"$130,743",2023-09-03,90
CUST2146,27,Male,new york,"$37,897",2023-07-07,77
CUST2147,89,Male,Unknown,"$124,266",2023-03-26,51
CUST2148,81,Unknown,new york,"$123,272","Mar 16, 2022",48
CUST2149,73,Unknown,Unknown,"$118,106",2022-08-19,50
CUST2150,16,female,Unknown,"$28,267",2022-02-26,29
CUST2151,38,Unknown,new york,"$52,538",2023-01-12,22
CUST2152,83,Other,Los Angeles,"$69,515",2022-05-07,17
CUST2153,68,FEMALE,Houston,"$92,076",19/09/2022,24
CUST2154,85,Other,Los Angeles,"$33,119",2023-10-28,60
CUST2155,29,Other,los angeles,"$99,475","Dec 23, 2022",60
CUST2156,62,MALE,Houston,"$27,112",30/08/2022,70
CUST2157,70,Unknown,los angeles,"$20,672",28/06/2023,78
CUST2158,17,Other,new york,"$106,304","Feb 19, 2022",43
CUST2159,48,FEMALE,Unknown,"$83,035",2022-09-14,1
CUST2160,47,MALE,Los Angeles,"$111,503",07/12/2022,93
CUST2161,43,Male,New York,"$120,433","Oct 28, 2022",79
CUST2162,44,FeMale,Los Angeles,"$30,310",2022-11-21,41
CUST2163,61,FEMALE,Houston,"$145,409",07/09/2022,17
CUST2164,-5,Unknown,Huston,"$85,812","Mar 27, 2022",25
CUST2165,34,female,New York,"$76,427",2023-06-03,33
CUST2166,82,Male,los angeles,"$25,074","Mar 20, 2023",95
CUST2167,48,Male,Los Angeles,"$43,677","Jan 29, 2022",13
CUST2168,29,MALE,los angeles,"$52,390",2022-06-04,50
CUST2169,21,FEMALE,new york,"$37,758","Nov 24, 2022",36
CUST2170,21,female,Huston,"$42,491",2022-06-20,87
CUST2171,28,FEMALE,Unknown,"$46,885",19/06/2022,70
CUST2172,20,FEMALE,Houston,"$71,219",2023-06-03,95
CUST2173,64,Other,Houston,N/A,2023-06-06,28
CUST2174,48,Male,Unknown,"$137,890",2022-07-14,8
CUST2175,19,female,New York,"$112,997",2023-07-24,65
CUST2176,67,female,new york,"$20,778",2023-01-23,32
CUST2177,71,Unknown,Huston,"$33,533",2022-04-29,12
CUST2178,78,female,Huston,"$21,743",11/04/2022,15
CUST2179,21,Other,Houston,"$39,294","Apr 25, 2023",95
CUST2180,83,Male,los angeles,"$113,706",17/03/2023,50
CUST2181,45,FeMale,Houston,"$95,704",2022-05-18,97
CUST2182,48,FEMALE,New York,"$71,165",2023-03-22,26
CUST2183,37,FeMale,Unknown,"$128,323","Sep 30, 2022",68
CUST2184,52,Male,Los Angeles,"$42,583",06/11/2023,65
CUST2185,65,Male,new york,N/A,"Aug 16, 2022",4
CUST2186,43,female,los angeles,N/A,04/02/2022,87
CUST2187,76,female,Unknown,"$92,988","Dec 29, 2022",82
CUST2188,34,MALE,Houston,"$148,362",2023-03-31,47
CUST2189,86,Unknown,Houston,"$113,112",2022-06-14,17
CUST2190,41,Other,Los Angeles,N/A,"May 09, 2022",5
CUST2191,86,MALE,Unknown,"$132,072","Jul 19, 2023",16
CUST2192,54,FeMale,new york,N/A,2022-11-28,84
CUST2193,27,MALE,Unknown,"$132,688","Feb 20, 2022",51
CUST2194,86,Other,Unknown,"$132,056",2022-10-22,71
CUST2195,80,MALE,new york,"$133,533","Jul 16, 2022",32
CUST2196,150,Other,Houston,"$26,119","Nov 06, 2023",90
CUST1497,73,Male,new york,"$123,961",10/04/2022,49
CUST2198,66,Other,Huston,N/A,"Jul 07, 2022",67
CUST2199,36,Male,New York,"$91,860",14/01/2023,43
CUST2200,37,FeMale,New York,"$43,816",2023-04-11,
CUST2201,74,FeMale,Los Angeles,"$134,269",2022-09-03,69
CUST2202,81,FeMale,los angeles,"$139,100",05/11/2022,2
CUST2203,45,Male,Huston,"$54,525",11/01/2022,34
CUST2204,41,Unknown,new york,"$51,809","Jun 29, 2023",37
CUST2205,38,Unknown,Unknown,N/A,"May 23, 2023",2
CUST2206,80,Other,New York,"$71,628","Sep 21, 2023",16
CUST2207,23,female,Los Angeles,"$102,155",2023-01-17,65
CUST2208,61,Unknown,los angeles,"$121,043",15/11/2022,95
CUST2209,35,FEMALE,Houston,"$124,200",2022-05-28,37
CUST2210,89,female,Los Angeles,"$58,047","Sep 28, 2022",93
CUST2211,84,Unknown,Unknown,"$93,168",14/01/2023,98
CUST2212,40,Unknown,Los Angeles,"$51,479",2022-08-15,84
CUST2213,61,Other,Huston,"$136,582",10/10/2023,72
CUST2214,19,Male,new york,"$54,826",2023-07-16,99
CUST2215,61,Other,Los Angeles,"$116,210",2022-03-10,68
CUST2216,47,Other,Houston,"$133,881",06/11/2023,59
CUST2217,78,FEMALE,los angeles,"$135,909",2023-11-10,41
CUST2218,76,Male,New York,"$80,395",16/01/2023,24
CUST2219,58,Other,Huston,"$131,416",04/06/2022,25
CUST2220,19,FeMale,new york,"$71,432",06/02/2022,63
CUST2221,60,Other,los angeles,"$126,298",07/02/2023,39
CUST2222,65,female,Los Angeles,N/A,"May 14, 2023",56
CUST2223,84,Unknown,Los Angeles,"$137,684","Oct 11, 2022",4
CUST2224,34,MALE,New York,"$128,548",31/12/2022,83
CUST2225,57,Male,Houston,N/A,05/06/2022,98
CUST2226,53,female,Huston,"$97,909",21/07/2023,55
CUST2227,25,MALE,Los Angeles,"$90,754","Sep 09, 2022",25
CUST2228,43,Other,New York,"$130,599",2023-09-07,45
CUST2229,67,FEMALE,Huston,"$130,648",2022-12-28,86
CUST2230,84,MALE,Unknown,"$140,571",09/07/2023,
CUST2231,22,MALE,new york,"$24,046",2023-12-31,88
CUST2232,64,female,Los Angeles,"$80,950","Oct 20, 2022",80
CUST2233,65,FEMALE,New York,"$39,391",2022-06-23,
CUST2234,73,FeMale,Houston,"$73,292",04/06/2022,7
CUST2235,37,FeMale,new york,"$56,791",28/08/2022,22
CUST2236,16,FEMALE,Los Angeles,"$117,728",27/03/2022,37
CUST2237,71,MALE,los angeles,"$110,740",11/12/2022,83
CUST2238,43,FeMale,Los Angeles,"$106,358",07/03/2022,
CUST2239,70,MALE,los angeles,"$140,667",23/08/2023,12
CUST2240,73,Unknown,Huston,"$115,531","Sep 25, 2022",24
CUST2241,39,female,Unknown,"$33,723",2022-05-05,83
CUST2242,78,Other,los angeles,"$125,531","Jul 06, 2023",
CUST2243,35,Male,Unknown,"$55,470",2022-03-14,19
CUST2244,89,FEMALE,New York,"$127,291",2022-06-10,89
CUST2245,64,Unknown,Los Angeles,"$52,628",22/12/2022,70
CUST2246,57,Unknown,Los Angeles,"$141,356",24/09/2022,43
CUST2247,32,MALE,Houston,N/A,"Aug 04, 2022",87
CUST2248,150,MALE,Los Angeles,"$40,000",2023-10-21,46
CUST2249,44,Other,Houston,"$22,723",30/07/2023,71
CUST1400,34,FEMALE,Huston,"$60,205",15/06/2023,59
CUST2251,53,Male,New York,"$116,742",2022-11-02,51
CUST2252,50,Unknown,New York,"$21,729",28/06/2022,72
CUST2253,82,FeMale,Unknown,"$119,530",2023-01-11,87
CUST2254,59,Male,new york,"$30,603","Nov 29, 2022",91
CUST2255,75,female,los angeles,"$105,550",29/05/2023,46
CUST2256,58,MALE,New York,"$56,619","Mar 06, 2023",92
CUST2257,65,Male,Huston,"$61,355",2022-10-29,88
CUST2258,85,MALE,los angeles,"$105,639",2022-11-09,4
CUST2259,54,Other,Houston,"$82,992",10/08/2022,92
CUST2260,48,FeMale,new york,"$78,182","Jun 06, 2023",70
CUST2261,32,FEMALE,Los Angeles,"$64,684",17/09/2023,8
CUST2262,37,Other,Huston,"$115,258",02/08/2022,6
CUST2263,71,Unknown,Huston,"$135,138",2022-03-29,20
CUST2264,53,Other,Huston,"$85,264",2023-04-05,26
CUST2265,44,MALE,Houston,"$46,108","Dec 31, 2022",1
CUST2266,65,Unknown,Unknown,"$102,711","Jul 01, 2022",7
CUST2267,17,female,Los Angeles,N/A,2022-03-19,34
CUST2268,79,Unknown,Houston,"$28,258",2022-04-27,62
CUST2269,64,female,Unknown,"$129,107",2023-09-13,92
CUST2270,70,Unknown,new york,"$140,753",2023-11-04,35
CUST2271,89,Unknown,Houston,"$65,396",2023-10-19,45
CUST2272,57,MALE,New York,"$61,359",14/04/2022,48
CUST2273,53,FeMale,los angeles,"$118,223",2022-06-06,5
CUST2274,41,Other,Unknown,"$50,657",2023-07-26,48
CUST2275,35,Male,los angeles,"$64,600",2023-02-27,46
CUST2276,54,MALE,Los Angeles,"$26,372",15/05/2022,81
CUST2277,85,FeMale,los angeles,"$58,070",25/07/2022,34
CUST2278,39,FEMALE,Los Angeles,"$69,616",18/06/2022,100
CUST2279,88,Male,New York,"$67,270",20/11/2022,97
CUST2280,42,Other,Huston,"$125,356",2022-11-18,88
CUST2281,36,MALE,new york,"$129,502",02/11/2023,62
CUST2282,75,female,Houston,"$86,936",15/02/2022,72
CUST2283,32,Other,Los Angeles,N/A,2022-07-19,24
CUST2284,64,Other,new york,"$37,048","Jul 22, 2022",44
CUST2285,34,female,New York,"$64,788",02/05/2022,78
CUST2286,57,FeMale,New York,"$45,995","Apr 26, 2023",11
CUST2287,78,FEMALE,new york,"$86,439",2022-01-28,25
CUST2288,88,Other,New York,"$27,559","Jan 11, 2022",96
CUST2289,59,MALE,Huston,"$105,216","Sep 02, 2022",13
CUST2290,-5,FeMale,Huston,"$132,999",04/04/2022,39
CUST2291,81,FEMALE,Los Angeles,"$26,427",30/03/2023,15
CUST2292,43,FEMALE,new york,"$36,378",02/01/2022,60
CUST2293,77,Unknown,Houston,"$135,678",2022-04-09,2
CUST2294,66,Other,Huston,"$80,048",22/07/2023,39
CUST2295,50,Male,Los Angeles,"$73,500","Jun 18, 2023",15
CUST2296,25,FEMALE,Houston,"$145,249","Feb 10, 2023",72
CUST2297,31,FEMALE,Houston,"$110,918",18/10/2023,69
CUST2298,25,Other,los angeles,"$54,015",2022-09-19,64
CUST2299,39,FEMALE,Los Angeles,"$134,929","Jul 18, 2022",57
CUST2300,-5,Other,Unknown,"$84,873","Apr 06, 2022",29
CUST2301,88,Other,new york,"$106,125",2022-08-07,27
CUST2302,47,Unknown,los angeles,"$76,158",28/08/2022,38
CUST2303,65,MALE,los angeles,"$149,732",19/06/2023,87
CUST2304,77,MALE,los angeles,"$119,008",2022-09-18,55
CUST2305,73,FEMALE,New York,"$89,036",2022-09-30,9
CUST2306,73,FEMALE,los angeles,"$109,353",2023-03-31,17
CUST2307,59,MALE,Los Angeles,"$129,167","Jun 17, 2023",36
CUST2308,81,Male,Unknown,"$109,780",09/12/2023,24
CUST2309,22,FEMALE,new york,N/A,19/03/2023,10
CUST2310,17,MALE,los angeles,"$41,473",09/11/2022,74
CUST2311,79,MALE,New York,"$77,945",2023-06-29,24
CUST2312,33,FeMale,new york,"$129,576",2022-01-22,44
CUST2313,49,MALE,Los Angeles,"$124,008","Apr 17, 2022",43
CUST2314,63,FEMALE,los angeles,"$57,994",22/09/2022,46
CUST2315,62,female,Unknown,"$87,692",2023-08-18,64
CUST2316,150,FeMale,New York,"$25,551",16/01/2022,62
CUST2317,65,FeMale,New York,"$76,314",15/01/2023,12
CUST2318,57,Male,New York,"$46,815","Apr 26, 2022",45
CUST2319,69,Unknown,Los Angeles,"$75,286",2022-06-21,63
CUST2320,73,female,Unknown,"$73,665",01/12/2022,90
CUST2321,47,MALE,los angeles,"$121,050",01/07/2023,70
CUST2322,56,Unknown,Unknown,N/A,"Jan 15, 2022",55
CUST2323,25,FeMale,Los Angeles,N/A,2023-08-16,69
CUST2324,62,Unknown,New York,"$128,990",2022-05-25,46
CUST2325,70,FeMale,new york,"$143,521","Nov 10, 2023",15
CUST2326,38,Other,New York,"$43,632",2023-10-24,9
CUST2327,79,FEMALE,Unknown,"$29,066",2022-12-06,19
CUST2328,49,female,los angeles,"$140,651","May 29, 2022",68
CUST2329,17,FEMALE,Unknown,"$149,730","Feb 25, 2022",13
CUST2330,54,FEMALE,new york,"$104,141","Mar 27, 2023",90
CUST2331,57,FEMALE,los angeles,"$139,994",2023-04-25,59
CUST2332,57,FEMALE,New York,"$81,278",2022-11-20,69
CUST2333,61,FEMALE,Los Angeles,"$107,578",14/12/2023,10
CUST2334,69,Other,Unknown,"$114,688",15/10/2022,
CUST2335,46,MALE,Huston,N/A,2023-11-03,78
CUST2336,77,MALE,New York,"$132,470",2022-03-04,22
CUST2337,42,Male,new york,"$68,017","Dec 27, 2023",55
CUST2338,52,FeMale,Huston,"$147,087","Sep 29, 2023",94
CUST2339,39,Unknown,Unknown,"$101,884",2023-09-04,9
CUST2340,33,MALE,los angeles,"$77,170","Oct 03, 2022",17
CUST2341,82,Other,Houston,"$120,627","Jun 15, 2022",79
CUST2342,50,Unknown,Huston,"$22,378","Jun 11, 2022",14
CUST2343,17,Unknown,Huston,"$60,331",2022-08-02,83
CUST2344,67,MALE,New York,"$32,367",2022-02-17,94
CUST2345,81,female,New York,"$33,810",2022-07-14,4
CUST2346,88,Other,New York,"$64,877",24/03/2023,7
CUST2347,25,MALE,new york,"$56,441",2023-08-06,81
CUST2348,22,FeMale,new york,"$23,183","May 21, 2022",38
CUST2349,61,Unknown,Houston,"$125,722",2022-10-09,100
CUST2350,89,Unknown,New York,"$98,831",27/12/2023,84
CUST2351,39,female,Huston,"$45,596","Dec 05, 2022",38
CUST2352,53,FEMALE,Huston,"$122,029",22/11/2023,76
CUST2353,65,female,Unknown,"$106,161",14/01/2023,34
CUST2354,39,FEMALE,los angeles,"$112,861","Apr 04, 2022",15
CUST2355,65,FEMALE,New York,"$97,243","May 04, 2023",40
CUST2356,72,Unknown,New York,"$77,384",2022-10-10,98
CUST2357,69,Other,Houston,"$61,974",24/04/2023,3
CUST2358,67,Other,los angeles,"$118,906",12/05/2022,73
CUST2359,31,Male,Unknown,"$24,005",2023-10-23,40
CUST2360,31,MALE,Los Angeles,"$141,972","Feb 22, 2023",31
CUST2361,48,female,new york,"$108,936","Jul 24, 2022",91
CUST2362,81,FEMALE,Houston,"$22,340",27/11/2023,51
CUST2363,51,female,New York,"$130,549","Mar 16, 2022",13
CUST2364,47,FeMale,Los Angeles,"$107,830",19/09/2023,23
CUST2365,40,Male,Los Angeles,"$33,413",2023-10-23,44
CUST2366,57,Unknown,los angeles,"$20,434",24/10/2023,73
CUST2367,55,Male,Los Angeles,"$26,445",2022-06-06,62
CUST2368,19,FeMale,Los Angeles,"$53,518",2023-11-22,59
CUST2369,42,Other,Houston,"$94,273",2022-12-24,10
CUST2370,86,FeMale,new york,"$59,256",2023-01-13,45
CUST2371,76,female,Houston,"$72,826","Aug 18, 2023",39
CUST2372,79,FeMale,New York,"$55,481",18/06/2022,94
CUST2373,67,FEMALE,Unknown,"$81,614",27/10/2023,60
CUST2374,88,female,Unknown,"$133,809",2023-11-12,66
CUST2375,81,Male,los angeles,"$74,979",2023-11-06,59
CUST2376,27,Other,Los Angeles,"$33,019",2023-08-08,33
CUST2377,17,FEMALE,Los Angeles,"$21,044",2022-05-26,23
CUST2378,33,Male,New York,"$33,738","Jul 22, 2022",48
CUST2379,61,Male,Huston,"$128,231","Aug 03, 2022",4
CUST2380,82,Unknown,los angeles,"$111,066","Jan 16, 2023",59
CUST2381,52,FeMale,Los Angeles,"$49,924",17/10/2022,3
CUST2382,67,Male,new york,"$21,007",2022-07-23,8
CUST2383,70,FeMale,New York,"$82,386","Aug 10, 2023",49
CUST2384,32,female,New York,N/A,11/02/2023,29
CUST2385,60,Male,new york,"$43,803",29/04/2023,97
CUST2386,62,FeMale,Huston,"$81,835",2023-04-18,57
CUST2387,67,MALE,new york,"$85,244","Oct 21, 2023",34
CUST2388,78,FEMALE,Los Angeles,"$80,242","Dec 07, 2022",51
CUST2389,83,MALE,Unknown,"$80,522","Mar 11, 2023",12
CUST2390,86,FeMale,New York,"$104,866",15/10/2023,64
CUST2391,65,Other,Houston,"$70,505",16/01/2022,98
CUST2392,47,Unknown,los angeles,"$72,209",2022-12-02,86
CUST2393,150,FeMale,Huston,"$119,844",24/11/2023,65
CUST2394,150,Male,Los Angeles,"$98,020",2022-07-30,39
CUST2395,27,Other,Huston,N/A,2023-08-11,73
CUST2396,33,FeMale,Huston,"$106,608",2022-05-02,86
CUST2397,41,FeMale,Houston,"$82,773",27/05/2022,75
CUST2398,83,Unknown,New York,"$30,723","Dec 27, 2023",24
CUST2399,53,Other,Los Angeles,"$130,528",04/04/2023,58
CUST2400,68,Male,Huston,"$72,687",23/02/2023,66
CUST2401,23,MALE,los angeles,N/A,"Jun 28, 2023",62
CUST2402,19,MALE,Houston,"$98,041","Oct 19, 2023",71
CUST2403,28,Male,new york,"$72,119",2023-03-19,66
CUST2404,85,Other,new york,"$48,984","Mar 15, 2023",24
CUST2405,150,female,Huston,"$63,685","Jul 19, 2023",23
CUST2406,27,Male,Unknown,"$70,752",05/10/2022,21
CUST2407,71,FeMale,Houston,"$57,236","Sep 23, 2023",90
CUST2408,35,MALE,new york,"$125,936",2023-10-21,18
CUST2409,78,Unknown,los angeles,"$55,945","Oct 20, 2022",100
CUST2410,78,MALE,Huston,N/A,"Nov 23, 2023",100
CUST2411,36,MALE,los angeles,"$128,684","Sep 03, 2023",45
CUST2412,62,FeMale,Los Angeles,"$95,559",15/10/2023,49
CUST2413,43,Male,Houston,N/A,14/07/2023,4
CUST2414,86,Male,Huston,N/A,"Nov 15, 2022",81
CUST2415,49,female,Houston,N/A,20/06/2022,20
CUST2416,74,Other,Los Angeles,"$122,620","Mar 15, 2022",49
CUST2417,77,MALE,Los Angeles,"$47,999",2022-12-20,91
CUST2418,24,MALE,new york,"$119,873",2022-01-15,70
CUST2419,87,MALE,Los Angeles,"$43,496",12/06/2023,61
CUST2420,77,Other,Huston,"$147,444",27/05/2022,69
CUST2421,35,Male,los angeles,"$47,529",15/02/2022,13
CUST2422,48,MALE,Los Angeles,"$106,244","Nov 12, 2023",7
CUST2423,83,female,Huston,"$96,605","Aug 04, 2022",5
CUST2424,31,Unknown,los angeles,"$21,076",01/12/2022,97
CUST2425,83,MALE,Unknown,"$72,716",2023-05-17,99
CUST2426,34,Unknown,Huston,"$145,649","Jan 24, 2022",4
CUST2427,66,Male,new york,N/A,2023-06-17,95
CUST2428,39,Unknown,New York,"$102,938",14/09/2022,74
CUST2429,82,MALE,Unknown,"$107,124",29/06/2023,79
CUST2430,71,Other,Huston,"$140,426",07/01/2023,55
CUST2431,16,FeMale,Unknown,N/A,2022-11-29,43
CUST2432,28,Male,los angeles,"$114,996","Apr 21, 2023",4
CUST2433,50,FeMale,los angeles,"$132,344",2022-06-20,88
CUST2434,32,FeMale,Los Angeles,N/A,2022-10-24,90
CUST2435,79,MALE,Los Angeles,"$144,925",11/02/2022,12
CUST2436,51,FeMale,new york,N/A,2023-07-15,18
CUST2437,80,Unknown,new york,"$141,035",2022-05-11,65
CUST2438,60,Other,New York,"$41,366",2022-04-15,61
CUST2439,61,FeMale,Unknown,"$55,918",06/08/2022,24
CUST2440,60,Other,new york,"$59,051",12/01/2022,87
CUST2441,42,FeMale,Los Angeles,"$55,354","Oct 04, 2023",96
CUST2442,76,Unknown,los angeles,"$102,877",2023-10-18,18
CUST2443,85,female,Unknown,"$74,184",13/01/2023,8
CUST2444,67,MALE,Unknown,"$113,984","Dec 27, 2023",92
CUST2445,50,FeMale,New York,"$37,957","Aug 09, 2023",17
CUST2446,39,Other,Houston,"$82,715","Oct 29, 2022",35
CUST2447,70,female,los angeles,"$122,784",2023-03-19,49
CUST2448,17,Unknown,new york,"$115,230",2023-10-22,12
CUST2449,62,Male,Huston,"$89,002","Jun 04, 2023",40
CUST2450,52,FEMALE,Houston,"$36,665",2023-02-19,87
CUST2451,87,Other,Unknown,"$20,771","Jul 28, 2022",63
CUST2452,76,MALE,Los Angeles,"$104,744",08/07/2022,78
CUST2453,24,Unknown,Houston,"$57,602",2022-07-30,6
CUST2454,51,Other,los angeles,"$74,854",2023-11-27,7
CUST2455,37,FeMale,new york,"$105,486",06/10/2022,84
CUST2456,81,Male,Los Angeles,"$128,632","Mar 15, 2022",97
CUST2457,38,Male,Houston,"$21,508",25/04/2022,20
CUST2458,53,female,New York,N/A,2022-10-06,99
CUST2459,48,female,new york,"$112,070","Jul 13, 2022",71
CUST2460,64,Unknown,los angeles,"$54,783",15/03/2023,37
CUST2461,54,FEMALE,Los Angeles,"$56,902",2022-01-03,46
CUST2462,67,Other,new york,"$43,184",2023-05-12,19
CUST2463,82,Other,Huston,"$123,976",2023-01-04,72
CUST2464,88,Other,Unknown,"$139,540",2022-06-12,6
CUST2465,74,FeMale,Unknown,"$69,799","Apr 18, 2023",99
CUST2466,64,Unknown,New York,"$60,485","Aug 10, 2022",83
CUST2467,45,Unknown,New York,"$29,865",2023-11-12,76
CUST2468,50,female,Unknown,"$130,550",2023-12-10,51
CUST2469,83,MALE,Los Angeles,"$129,144",2022-03-08,42
CUST2470,72,FEMALE,Unknown,"$125,861",30/09/2023,30
CUST2471,84,Other,Huston,"$79,212",26/09/2023,28
CUST2472,22,Unknown,new york,"$139,154",2023-05-08,17
CUST2473,22,Male,new york,"$134,429","Mar 21, 2022",4
CUST2474,25,Other,Huston,"$104,909",18/12/2023,3
CUST2475,36,female,los angeles,"$53,555","May 08, 2022",64
CUST2476,76,MALE,Houston,"$130,069","Apr 26, 2022",90
CUST2477,66,Other,Huston,"$129,485",06/05/2023,48
CUST2478,82,FEMALE,Huston,"$131,993",2022-06-30,82
CUST2479,84,Male,Los Angeles,N/A,07/04/2023,87
CUST2480,67,FeMale,new york,N/A,10/10/2022,32
CUST2481,31,Unknown,los angeles,"$129,204",2023-06-26,25
CUST2482,26,MALE,los angeles,"$67,973",2022-11-10,47
CUST2483,38,FeMale,new york,"$64,682",28/02/2022,35
CUST2484,64,MALE,new york,"$34,061","May 22, 2023",31
CUST2485,85,Unknown,los angeles,"$82,590",09/09/2023,97
CUST2486,76,Other,new york,"$39,959",2023-01-02,69
CUST2487,61,Other,Unknown,N/A,25/09/2023,10
CUST2488,75,FeMale,Unknown,"$131,153","Jul 25, 2023",1
CUST2489,42,MALE,los angeles,"$63,861","Apr 01, 2022",76
CUST2490,83,MALE,Huston,"$43,698","Jul 19, 2022",77
CUST2491,63,FeMale,New York,"$83,765",16/09/2023,26
CUST2492,81,Unknown,New York,"$130,846",28/11/2022,30
CUST2493,64,female,New York,"$72,430",19/05/2022,36
CUST2494,30,MALE,Huston,"$135,289",02/05/2023,52
CUST2495,78,female,New York,"$42,001",2023-01-25,54
CUST2496,33,FeMale,Houston,"$63,038","Dec 29, 2023",77
CUST2497,45,Other,Huston,"$75,659",2022-09-23,75
CUST2498,84,Male,Unknown,"$66,664",2023-09-03,39
CUST2499,-5,MALE,Houston,"$56,435","May 01, 2023",56
